inquiry_id,created_at,department,category,human_handle_minutes,resolved
I000035,2026-01-01 11:10:17,재무,법인카드 정산,13.0,1
I000309,2026-01-01 13:33:18,보안,MFA 오류,16.2,1
I000003,2026-01-01 13:46:47,인사,출산휴가,13.6,1
I000486,2026-01-01 14:28:27,인사,복지,8.1,1
I000199,2026-01-01 14:38:43,보안,MFA 오류,14.2,1
I000484,2026-01-01 14:46:23,총무,구내식당 메뉴,11.4,1
I000270,2026-01-01 15:51:10,인사,퇴직금,14.5,1
I000067,2026-01-01 16:19:39,보안,접근 통제,21.8,1
I000075,2026-01-01 17:02:41,재무,법인카드 정산,12.2,1
I000439,2026-01-01 17:35:50,법무,계약서 검토,21.2,1
I000150,2026-01-01 17:39:04,전산,PC 장애,12.7,1
I000101,2026-01-01 19:12:55,인사,복지,12.2,1
I000432,2026-01-02 08:33:22,전산,계정 잠금,12.6,1
I000007,2026-01-02 09:03:17,전산,PC 장애,13.7,1
I000444,2026-01-02 10:08:52,총무,비품,10.7,1
I000479,2026-01-02 11:18:12,재무,법인카드 정산,15.1,1
I000230,2026-01-02 11:42:15,총무,주차,10.9,1
I000292,2026-01-02 12:15:43,전산,비밀번호 초기화,14.8,1
I000389,2026-01-02 13:32:47,보안,MFA 오류,20.6,1
I000225,2026-01-02 13:37:39,총무,주차,6.6,1
I000111,2026-01-02 14:10:38,전산,인터넷 연결,11.5,1
I000356,2026-01-02 14:21:51,보안,보안 신고,13.9,1
I000222,2026-01-02 14:32:40,총무,주차,8.3,1
I000011,2026-01-02 15:48:25,총무,회의실 예약,8.9,1
I000051,2026-01-02 18:37:41,재무,경비처리,17.0,1
I000388,2026-01-03 08:11:34,보안,보안 신고,10.5,1
I000055,2026-01-03 08:28:31,보안,권한 요청,18.3,1
I000271,2026-01-03 08:29:11,인사,퇴직금,8.7,1
I000460,2026-01-03 08:37:03,인사,급여 문의,7.3,1
I000351,2026-01-03 09:11:57,전산,메일 오류,8.9,1
I000197,2026-01-03 09:20:40,총무,구내식당 메뉴,8.0,1
I000175,2026-01-03 09:37:02,인사,재직증명서,7.1,1
I000043,2026-01-03 11:23:11,전산,프로그램 설치,10.2,1
I000478,2026-01-03 11:49:13,인사,복지,12.9,1
I000304,2026-01-03 12:14:30,총무,회의실 예약,9.2,1
I000391,2026-01-03 12:46:41,법무,개인정보 문의,23.9,1
I000329,2026-01-03 13:10:51,전산,VPN 연결,17.5,1
I000204,2026-01-03 14:00:00,전산,프로그램 설치,12.3,1
I000059,2026-01-03 14:03:34,전산,인터넷 연결,13.1,1
I000462,2026-01-03 15:42:15,총무,주차,10.2,1
I000319,2026-01-03 16:45:30,보안,MFA 오류,14.6,1
I000347,2026-01-03 17:31:16,인사,퇴직금,14.2,0
I000383,2026-01-03 17:56:42,전산,프로그램 설치,10.7,1
I000080,2026-01-03 18:39:09,인사,근태,11.8,1
I000152,2026-01-04 09:03:21,전산,인터넷 연결,13.1,1
I000100,2026-01-04 10:03:21,인사,근태,11.2,0
I000323,2026-01-04 11:09:22,인사,근태,14.3,1
I000126,2026-01-04 11:18:50,전산,PC 장애,14.8,1
I000338,2026-01-04 11:42:45,보안,접근 통제,13.0,1
I000341,2026-01-04 12:51:02,재무,출장비,15.0,1
I000405,2026-01-04 12:57:21,전산,VPN 연결,11.4,1
I000201,2026-01-04 13:04:40,전산,계정 잠금,9.0,1
I000255,2026-01-04 13:14:38,재무,경비처리,16.6,1
I000442,2026-01-04 13:29:38,전산,비밀번호 초기화,10.6,0
I000103,2026-01-04 15:09:49,인사,급여 문의,7.2,1
I000146,2026-01-04 15:17:58,인사,급여 문의,11.0,1
I000172,2026-01-04 15:23:51,인사,퇴직금,9.9,1
I000284,2026-01-04 15:37:52,인사,연차 잔여일,11.2,1
I000164,2026-01-04 15:38:29,인사,복지,10.5,1
I000049,2026-01-04 15:42:04,인사,출산휴가,12.4,1
I000367,2026-01-04 16:07:49,총무,주차,9.5,1
I000076,2026-01-04 16:50:13,재무,법인카드 정산,15.1,1
I000010,2026-01-04 17:24:35,전산,인터넷 연결,14.6,1
I000380,2026-01-04 18:37:24,전산,메일 오류,16.8,1
I000139,2026-01-04 18:46:54,인사,복지,13.7,1
I000133,2026-01-04 19:31:20,인사,출산휴가,14.1,1
I000408,2026-01-05 08:20:41,전산,계정 잠금,8.9,1
I000045,2026-01-05 09:01:38,인사,급여 문의,8.2,1
I000344,2026-01-05 09:44:19,인사,출산휴가,9.4,1
I000468,2026-01-05 11:29:03,인사,근태,9.6,1
I000403,2026-01-05 11:43:51,인사,퇴직금,13.2,1
I000273,2026-01-05 11:54:44,인사,급여 문의,11.7,1
I000183,2026-01-05 12:47:11,인사,연차 잔여일,11.5,0
I000293,2026-01-05 12:58:28,전산,계정 잠금,12.2,0
I000342,2026-01-05 13:09:18,전산,인터넷 연결,13.1,1
I000156,2026-01-05 13:42:02,전산,계정 잠금,8.3,1
I000399,2026-01-05 13:50:02,인사,재직증명서,11.9,1
I000237,2026-01-05 14:29:14,전산,비밀번호 초기화,8.5,1
I000050,2026-01-05 14:44:57,인사,출산휴가,12.5,1
I000088,2026-01-05 15:45:42,전산,VPN 연결,8.9,1
I000336,2026-01-05 16:52:55,보안,MFA 오류,11.8,1
I000302,2026-01-05 19:32:05,재무,법인카드 정산,9.5,1
I000413,2026-01-06 10:24:37,전산,VPN 연결,10.2,1
I000087,2026-01-06 10:31:21,재무,출장비,8.5,1
I000348,2026-01-06 11:14:41,인사,근태,7.5,1
I000194,2026-01-06 11:22:24,보안,MFA 오류,11.6,0
I000105,2026-01-06 12:24:48,전산,프로그램 설치,12.2,1
I000274,2026-01-06 14:33:48,재무,경비처리,16.4,1
I000277,2026-01-06 16:09:11,전산,인터넷 연결,13.7,1
I000121,2026-01-06 17:07:37,재무,출장비,8.9,1
I000269,2026-01-06 18:02:19,인사,출산휴가,12.2,1
I000474,2026-01-06 19:14:03,전산,프로그램 설치,15.7,1
I000160,2026-01-06 19:20:12,전산,인터넷 연결,14.0,1
I000210,2026-01-07 08:22:31,인사,출산휴가,12.6,1
I000423,2026-01-07 08:53:49,인사,퇴직금,13.3,1
I000400,2026-01-07 09:17:08,인사,복지,12.2,1
I000161,2026-01-07 10:24:44,인사,출산휴가,12.1,1
I000061,2026-01-07 10:38:36,재무,경비처리,14.9,1
I000213,2026-01-07 10:57:51,인사,복지,7.8,1
I000027,2026-01-07 11:04:37,재무,법인카드 정산,16.1,1
I000162,2026-01-07 11:22:42,전산,메일 오류,17.7,1
I000458,2026-01-07 11:29:26,전산,메일 오류,11.4,1
I000236,2026-01-07 11:59:54,법무,개인정보 문의,21.2,1
I000446,2026-01-07 16:13:36,총무,구내식당 메뉴,5.6,1
I000185,2026-01-07 16:34:52,전산,인터넷 연결,12.2,1
I000492,2026-01-07 16:39:41,보안,접근 통제,20.1,1
I000375,2026-01-07 16:46:21,보안,보안 신고,13.1,1
I000228,2026-01-07 18:45:49,인사,퇴직금,8.0,1
I000001,2026-01-08 08:09:55,총무,비품,6.8,1
I000315,2026-01-08 08:13:48,인사,출산휴가,9.5,1
I000352,2026-01-08 10:21:31,인사,재직증명서,12.3,1
I000116,2026-01-08 11:21:23,보안,권한 요청,18.6,1
I000433,2026-01-08 11:55:21,전산,비밀번호 초기화,11.1,1
I000229,2026-01-08 12:11:38,재무,법인카드 정산,10.9,1
I000057,2026-01-08 12:28:56,법무,계약서 검토,12.5,1
I000420,2026-01-08 12:47:07,법무,법률 문의,17.8,1
I000216,2026-01-08 13:11:20,전산,프로그램 설치,11.2,1
I000440,2026-01-08 13:29:26,보안,권한 요청,13.5,1
I000208,2026-01-08 13:51:34,법무,사내 규정,16.6,1
I000243,2026-01-08 13:55:43,전산,인터넷 연결,13.7,1
I000368,2026-01-08 14:21:17,인사,출산휴가,14.9,1
I000305,2026-01-08 14:32:03,전산,메일 오류,15.3,1
I000412,2026-01-08 16:23:43,전산,인터넷 연결,17.2,1
I000131,2026-01-08 16:33:50,재무,세금계산서,15.9,1
I000333,2026-01-08 16:39:06,총무,비품,7.2,1
I000495,2026-01-08 17:10:13,전산,계정 잠금,13.3,1
I000286,2026-01-08 17:11:00,재무,출장비,10.1,1
I000046,2026-01-08 17:21:43,인사,복지,8.7,1
I000339,2026-01-08 17:51:33,보안,권한 요청,20.5,0
I000280,2026-01-08 18:26:24,인사,급여 문의,14.7,1
I000129,2026-01-09 09:38:13,전산,메일 오류,15.1,1
I000200,2026-01-09 09:47:26,재무,법인카드 정산,12.5,1
I000386,2026-01-09 09:57:00,재무,경비처리,13.5,1
I000355,2026-01-09 09:57:31,전산,비밀번호 초기화,10.2,0
I000411,2026-01-09 10:05:47,인사,급여 문의,13.4,1
I000083,2026-01-09 11:06:25,법무,개인정보 문의,23.8,1
I000263,2026-01-09 11:57:07,전산,VPN 연결,9.4,1
I000416,2026-01-09 12:16:36,전산,메일 오류,12.0,1
I000014,2026-01-09 12:19:05,재무,경비처리,15.2,1
I000085,2026-01-09 13:01:00,법무,사내 규정,16.5,1
I000326,2026-01-09 13:15:26,총무,비품,8.1,1
I000123,2026-01-09 14:28:03,인사,복지,10.7,1
I000363,2026-01-09 15:13:43,보안,보안 신고,18.2,1
I000180,2026-01-09 15:46:03,재무,법인카드 정산,9.6,1
I000054,2026-01-09 18:46:17,총무,회의실 예약,9.6,1
I000130,2026-01-09 18:51:14,전산,인터넷 연결,17.3,1
I000343,2026-01-09 19:29:11,재무,법인카드 정산,9.8,1
I000033,2026-01-09 19:56:12,법무,개인정보 문의,14.4,1
I000102,2026-01-10 08:40:40,재무,법인카드 정산,9.7,1
I000098,2026-01-10 09:06:41,총무,사내 행사,9.0,1
I000397,2026-01-10 10:27:25,보안,접근 통제,16.3,1
I000219,2026-01-10 13:26:18,전산,비밀번호 초기화,8.6,1
I000128,2026-01-10 13:57:34,전산,메일 오류,11.5,1
I000032,2026-01-10 14:29:01,법무,계약서 검토,17.2,1
I000030,2026-01-10 14:33:34,재무,출장비,16.1,1
I000220,2026-01-10 14:36:54,인사,출산휴가,7.2,1
I000179,2026-01-10 16:26:40,전산,PC 장애,16.3,1
I000191,2026-01-10 16:53:21,인사,재직증명서,11.8,1
I000218,2026-01-11 08:50:47,인사,급여 문의,7.7,1
I000415,2026-01-11 09:40:33,전산,비밀번호 초기화,10.3,1
I000212,2026-01-11 10:19:41,전산,계정 잠금,16.8,1
I000272,2026-01-11 10:24:44,법무,법률 문의,19.1,1
I000151,2026-01-11 10:31:42,전산,VPN 연결,16.5,1
I000465,2026-01-11 11:23:52,전산,프로그램 설치,10.4,1
I000353,2026-01-11 11:50:37,전산,VPN 연결,13.9,1
I000120,2026-01-11 12:03:45,전산,프로그램 설치,11.0,1
I000419,2026-01-11 12:44:02,인사,급여 문의,7.5,1
I000261,2026-01-11 12:49:20,보안,접근 통제,11.7,1
I000483,2026-01-11 13:31:40,인사,복지,7.8,1
I000288,2026-01-11 13:50:28,전산,PC 장애,17.4,1
I000441,2026-01-11 14:30:53,법무,개인정보 문의,18.2,1
I000251,2026-01-11 16:36:37,전산,PC 장애,12.0,1
I000231,2026-01-11 17:07:26,전산,프로그램 설치,15.9,1
I000134,2026-01-11 17:10:03,인사,재직증명서,8.7,1
I000296,2026-01-11 18:34:48,인사,연차 잔여일,9.2,1
I000063,2026-01-11 19:14:45,보안,권한 요청,15.2,1
I000330,2026-01-11 19:32:46,재무,법인카드 정산,16.6,1
I000385,2026-01-12 08:33:49,인사,급여 문의,7.8,1
I000149,2026-01-12 12:02:57,인사,퇴직금,11.6,1
I000165,2026-01-12 12:21:48,재무,출장비,12.8,1
I000144,2026-01-12 12:23:57,전산,VPN 연결,15.2,1
I000138,2026-01-12 12:33:55,법무,계약서 검토,19.8,1
I000081,2026-01-12 14:52:17,총무,비품,8.6,1
I000448,2026-01-12 14:58:56,전산,VPN 연결,17.8,1
I000254,2026-01-12 15:45:25,전산,메일 오류,17.7,1
I000104,2026-01-12 15:49:46,전산,프로그램 설치,11.9,1
I000307,2026-01-12 16:47:38,총무,비품,8.9,1
I000082,2026-01-12 17:36:49,전산,계정 잠금,8.0,1
I000211,2026-01-12 18:59:21,보안,권한 요청,12.3,1
I000281,2026-01-13 08:00:14,총무,구내식당 메뉴,7.4,1
I000009,2026-01-13 08:07:32,인사,퇴직금,7.6,1
I000107,2026-01-13 08:10:56,인사,재직증명서,14.9,1
I000396,2026-01-13 09:48:43,전산,계정 잠금,11.7,1
I000038,2026-01-13 11:39:33,전산,VPN 연결,11.5,1
I000044,2026-01-13 12:04:30,인사,재직증명서,12.8,1
I000086,2026-01-13 12:12:59,인사,재직증명서,8.4,1
I000178,2026-01-13 12:26:13,총무,주차,5.4,1
I000499,2026-01-13 14:27:48,전산,프로그램 설치,10.1,1
I000359,2026-01-13 15:48:46,전산,메일 오류,15.2,1
I000006,2026-01-13 16:15:13,인사,퇴직금,8.6,1
I000026,2026-01-13 16:37:30,법무,법률 문의,20.5,1
I000301,2026-01-13 16:56:24,인사,급여 문의,10.6,1
I000472,2026-01-13 16:59:06,인사,급여 문의,14.0,1
I000079,2026-01-13 17:56:44,보안,접근 통제,12.0,1
I000477,2026-01-13 18:06:22,보안,권한 요청,21.6,1
I000493,2026-01-13 18:17:23,전산,메일 오류,9.9,1
I000316,2026-01-13 18:47:22,법무,개인정보 문의,21.3,1
I000258,2026-01-13 19:51:05,전산,계정 잠금,14.8,1
I000469,2026-01-14 08:19:24,법무,계약서 검토,22.7,1
I000248,2026-01-14 09:29:21,보안,권한 요청,19.0,1
I000371,2026-01-14 09:50:07,전산,VPN 연결,8.4,1
I000041,2026-01-14 10:46:37,전산,인터넷 연결,15.8,1
I000125,2026-01-14 10:49:12,전산,계정 잠금,12.6,1
I000132,2026-01-14 11:16:47,전산,비밀번호 초기화,13.2,1
I000332,2026-01-14 11:43:55,전산,계정 잠금,16.0,1
I000066,2026-01-14 13:04:43,법무,개인정보 문의,12.7,1
I000362,2026-01-14 15:04:41,총무,사내 행사,7.9,1
I000140,2026-01-14 16:17:44,인사,재직증명서,10.2,0
I000118,2026-01-14 16:32:18,인사,연차 잔여일,12.3,1
I000407,2026-01-14 16:50:04,인사,급여 문의,7.7,1
I000450,2026-01-14 16:56:24,전산,프로그램 설치,11.5,1
I000108,2026-01-14 17:01:05,전산,VPN 연결,11.7,1
I000373,2026-01-14 17:29:18,전산,비밀번호 초기화,11.3,1
I000427,2026-01-14 18:08:37,전산,메일 오류,16.6,1
I000451,2026-01-14 18:21:17,총무,구내식당 메뉴,8.6,1
I000449,2026-01-14 19:12:22,보안,접근 통제,21.4,1
I000189,2026-01-14 19:13:27,인사,복지,12.3,1
I000227,2026-01-15 08:28:48,재무,세금계산서,9.4,1
I000426,2026-01-15 09:40:54,재무,법인카드 정산,10.4,1
I000024,2026-01-15 11:58:35,인사,퇴직금,13.0,1
I000124,2026-01-15 12:22:33,전산,비밀번호 초기화,11.6,1
I000155,2026-01-15 13:30:31,보안,보안 신고,11.8,1
I000065,2026-01-15 13:49:07,인사,연차 잔여일,10.7,1
I000340,2026-01-15 14:00:29,전산,PC 장애,8.5,1
I000244,2026-01-15 14:07:04,총무,비품,10.2,1
I000235,2026-01-15 14:25:01,전산,PC 장애,8.8,1
I000334,2026-01-15 14:50:12,전산,인터넷 연결,15.6,1
I000117,2026-01-15 14:59:58,전산,메일 오류,8.6,1
I000084,2026-01-15 15:05:17,전산,메일 오류,15.5,1
I000020,2026-01-15 16:26:16,인사,출산휴가,13.2,1
I000147,2026-01-15 17:50:39,재무,법인카드 정산,9.3,1
I000294,2026-01-15 18:51:05,보안,MFA 오류,13.6,1
I000114,2026-01-15 19:35:19,보안,MFA 오류,21.8,1
I000226,2026-01-16 09:07:50,보안,보안 신고,17.2,1
I000008,2026-01-16 10:44:17,전산,비밀번호 초기화,10.0,1
I000092,2026-01-16 11:01:48,인사,출산휴가,12.5,1
I000376,2026-01-16 12:43:49,인사,재직증명서,7.7,1
I000095,2026-01-16 12:50:25,전산,프로그램 설치,16.4,1
I000167,2026-01-16 12:58:03,보안,권한 요청,19.4,1
I000275,2026-01-16 14:56:27,전산,비밀번호 초기화,15.6,1
I000214,2026-01-16 15:03:12,전산,메일 오류,15.3,1
I000430,2026-01-16 15:45:33,전산,PC 장애,14.3,1
I000489,2026-01-16 16:30:22,인사,연차 잔여일,7.1,1
I000048,2026-01-16 18:23:54,총무,사내 행사,5.6,1
I000328,2026-01-16 19:16:09,인사,복지,7.5,0
I000346,2026-01-17 08:39:24,총무,사내 행사,11.1,1
I000303,2026-01-17 09:29:14,인사,근태,7.0,1
I000435,2026-01-17 10:43:32,전산,메일 오류,12.2,1
I000447,2026-01-17 11:15:54,전산,비밀번호 초기화,12.2,1
I000268,2026-01-17 11:23:27,재무,법인카드 정산,10.0,1
I000463,2026-01-17 11:36:44,전산,VPN 연결,14.5,1
I000002,2026-01-17 11:41:13,전산,계정 잠금,13.4,1
I000267,2026-01-17 12:08:36,재무,세금계산서,10.9,1
I000370,2026-01-17 12:52:43,법무,법률 문의,20.7,1
I000289,2026-01-17 13:26:53,전산,비밀번호 초기화,12.9,1
I000241,2026-01-17 13:49:32,법무,사내 규정,18.2,1
I000169,2026-01-17 14:27:01,전산,프로그램 설치,8.2,1
I000205,2026-01-17 15:02:06,법무,개인정보 문의,20.1,1
I000425,2026-01-17 19:05:29,보안,권한 요청,18.1,1
I000482,2026-01-17 19:11:31,인사,출산휴가,10.7,1
I000234,2026-01-17 19:25:08,재무,법인카드 정산,10.2,1
I000366,2026-01-18 08:29:10,총무,비품,8.0,1
I000060,2026-01-18 09:52:51,재무,출장비,12.0,1
I000379,2026-01-18 09:58:15,재무,세금계산서,11.6,1
I000313,2026-01-18 10:26:25,인사,퇴직금,11.7,0
I000090,2026-01-18 10:39:07,인사,근태,11.4,1
I000331,2026-01-18 10:55:45,재무,출장비,9.6,1
I000109,2026-01-18 11:03:08,보안,접근 통제,12.2,1
I000064,2026-01-18 13:15:56,전산,비밀번호 초기화,16.4,1
I000013,2026-01-18 13:20:01,총무,비품,6.0,1
I000182,2026-01-18 13:32:34,재무,법인카드 정산,10.8,1
I000072,2026-01-18 14:20:49,전산,메일 오류,11.0,1
I000349,2026-01-18 14:36:33,전산,인터넷 연결,9.5,1
I000110,2026-01-18 15:10:55,전산,비밀번호 초기화,10.4,1
I000378,2026-01-18 17:15:56,전산,비밀번호 초기화,17.4,1
I000173,2026-01-18 17:57:25,전산,비밀번호 초기화,9.3,1
I000022,2026-01-18 18:00:45,전산,VPN 연결,15.6,1
I000148,2026-01-18 18:25:23,총무,회의실 예약,11.1,1
I000078,2026-01-18 18:46:25,전산,계정 잠금,9.9,1
I000252,2026-01-18 19:19:27,법무,법률 문의,18.4,1
I000358,2026-01-18 19:34:23,전산,비밀번호 초기화,16.1,1
I000143,2026-01-19 08:05:33,전산,메일 오류,8.3,1
I000434,2026-01-19 08:14:33,전산,PC 장애,9.9,1
I000174,2026-01-19 08:21:05,인사,연차 잔여일,8.7,1
I000113,2026-01-19 09:13:36,법무,법률 문의,19.2,1
I000429,2026-01-19 09:23:17,재무,법인카드 정산,10.3,1
I000406,2026-01-19 09:44:26,인사,근태,14.5,1
I000364,2026-01-19 10:29:16,총무,비품,5.6,1
I000053,2026-01-19 11:58:33,전산,VPN 연결,12.1,0
I000418,2026-01-19 13:46:39,전산,메일 오류,12.7,1
I000242,2026-01-19 15:07:12,보안,접근 통제,19.2,0
I000471,2026-01-19 15:40:50,보안,권한 요청,11.8,1
I000372,2026-01-19 16:15:20,인사,퇴직금,14.8,1
I000285,2026-01-19 17:39:57,전산,PC 장애,17.8,1
I000394,2026-01-19 17:51:53,보안,보안 신고,12.4,1
I000310,2026-01-19 18:34:41,보안,접근 통제,21.8,1
I000414,2026-01-19 19:28:17,법무,개인정보 문의,23.1,1
I000327,2026-01-19 19:37:42,총무,구내식당 메뉴,7.9,1
I000410,2026-01-20 08:56:52,법무,계약서 검토,18.0,1
I000321,2026-01-20 10:40:34,전산,프로그램 설치,16.9,1
I000369,2026-01-20 11:34:21,전산,비밀번호 초기화,16.6,1
I000453,2026-01-20 14:49:25,인사,급여 문의,11.7,1
I000136,2026-01-20 15:19:52,법무,사내 규정,19.6,1
I000163,2026-01-20 15:27:30,전산,프로그램 설치,11.2,1
I000070,2026-01-20 16:02:42,총무,회의실 예약,10.7,1
I000159,2026-01-20 17:05:13,전산,계정 잠금,14.2,1
I000233,2026-01-20 17:54:45,보안,접근 통제,15.2,1
I000089,2026-01-20 18:25:43,법무,개인정보 문의,15.9,1
I000091,2026-01-20 18:47:23,인사,근태,8.4,1
I000424,2026-01-20 19:12:23,총무,주차,11.8,1
I000262,2026-01-20 19:34:18,전산,메일 오류,12.9,1
I000290,2026-01-21 13:22:25,전산,메일 오류,9.6,1
I000481,2026-01-21 13:56:39,인사,복지,14.8,1
I000278,2026-01-21 14:35:56,재무,법인카드 정산,14.3,1
I000381,2026-01-21 14:39:11,전산,PC 장애,16.3,1
I000188,2026-01-21 15:07:13,인사,근태,12.7,1
I000279,2026-01-21 15:15:04,전산,계정 잠금,11.0,1
I000097,2026-01-21 16:39:46,전산,VPN 연결,17.3,1
I000099,2026-01-21 16:49:32,전산,VPN 연결,12.6,1
I000047,2026-01-21 17:49:05,총무,사내 행사,9.3,1
I000431,2026-01-21 18:02:59,전산,비밀번호 초기화,17.6,1
I000246,2026-01-21 18:08:48,전산,PC 장애,15.7,1
I000094,2026-01-21 18:27:33,법무,사내 규정,16.1,1
I000224,2026-01-21 19:12:52,법무,개인정보 문의,20.2,1
I000016,2026-01-21 19:40:20,재무,경비처리,14.1,0
I000490,2026-01-22 08:03:44,재무,법인카드 정산,14.0,1
I000404,2026-01-22 08:21:13,전산,계정 잠금,8.7,1
I000457,2026-01-22 09:37:32,재무,세금계산서,9.6,1
I000073,2026-01-22 09:40:33,전산,계정 잠금,10.2,1
I000436,2026-01-22 09:44:44,전산,비밀번호 초기화,12.8,1
I000018,2026-01-22 09:56:04,전산,비밀번호 초기화,13.1,1
I000245,2026-01-22 10:05:40,법무,법률 문의,21.2,0
I000250,2026-01-22 10:15:33,인사,출산휴가,11.5,1
I000473,2026-01-22 10:52:18,인사,연차 잔여일,12.8,0
I000256,2026-01-22 11:08:49,전산,메일 오류,16.0,1
I000475,2026-01-22 11:48:33,보안,보안 신고,13.5,1
I000421,2026-01-22 12:12:06,법무,법률 문의,21.6,1
I000320,2026-01-22 13:42:42,전산,비밀번호 초기화,8.1,1
I000496,2026-01-22 15:29:20,인사,근태,7.2,1
I000135,2026-01-22 16:26:26,인사,복지,7.6,1
I000106,2026-01-22 16:40:19,인사,근태,7.8,1
I000306,2026-01-22 17:22:17,전산,비밀번호 초기화,16.3,1
I000395,2026-01-22 19:07:42,전산,PC 장애,14.0,1
I000093,2026-01-22 19:14:49,보안,권한 요청,11.3,1
I000068,2026-01-22 19:21:27,전산,PC 장애,13.4,1
I000062,2026-01-23 08:52:33,재무,세금계산서,10.3,1
I000145,2026-01-23 09:13:32,인사,출산휴가,11.5,1
I000317,2026-01-23 09:38:14,전산,메일 오류,13.3,1
I000454,2026-01-23 11:09:22,전산,PC 장애,8.4,1
I000154,2026-01-23 11:12:07,총무,사내 행사,8.9,1
I000322,2026-01-23 11:23:13,전산,PC 장애,8.2,1
I000028,2026-01-23 11:35:06,전산,PC 장애,9.2,1
I000357,2026-01-23 11:51:48,전산,비밀번호 초기화,9.0,1
I000071,2026-01-23 11:55:23,전산,프로그램 설치,16.0,1
I000354,2026-01-23 11:56:23,전산,VPN 연결,18.0,1
I000238,2026-01-23 12:13:35,보안,권한 요청,12.7,0
I000127,2026-01-23 12:15:09,인사,퇴직금,8.4,1
I000187,2026-01-23 13:55:37,법무,개인정보 문의,14.1,1
I000298,2026-01-23 14:00:00,총무,구내식당 메뉴,7.7,1
I000314,2026-01-23 14:04:34,전산,프로그램 설치,13.1,1
I000069,2026-01-23 14:25:06,인사,재직증명서,13.4,1
I000025,2026-01-23 15:43:38,총무,사내 행사,7.1,1
I000299,2026-01-23 16:27:06,재무,세금계산서,15.7,1
I000056,2026-01-23 17:05:27,보안,접근 통제,20.0,1
I000325,2026-01-23 17:13:27,재무,출장비,15.5,1
I000377,2026-01-23 17:31:08,전산,프로그램 설치,16.6,1
I000232,2026-01-23 17:57:54,법무,사내 규정,17.7,1
I000184,2026-01-23 19:08:58,총무,사내 행사,10.0,1
I000476,2026-01-23 19:47:40,재무,경비처리,12.4,1
I000384,2026-01-23 19:54:29,총무,회의실 예약,9.1,1
I000295,2026-01-24 08:51:05,인사,급여 문의,14.8,1
I000176,2026-01-24 10:21:36,총무,사내 행사,5.7,1
I000437,2026-01-24 11:05:11,총무,비품,8.6,1
I000401,2026-01-24 11:17:44,전산,메일 오류,14.8,1
I000266,2026-01-24 11:43:51,전산,PC 장애,17.9,1
I000312,2026-01-24 12:03:22,인사,퇴직금,14.1,1
I000417,2026-01-24 12:11:20,인사,복지,14.1,1
I000019,2026-01-24 12:19:15,인사,퇴직금,7.5,1
I000494,2026-01-24 12:30:22,전산,비밀번호 초기화,8.3,0
I000157,2026-01-24 14:50:49,전산,VPN 연결,10.4,1
I000485,2026-01-24 15:02:42,전산,PC 장애,10.5,1
I000202,2026-01-24 15:28:58,재무,경비처리,14.0,1
I000452,2026-01-24 15:53:20,인사,재직증명서,11.7,1
I000196,2026-01-24 16:06:25,재무,경비처리,9.6,1
I000039,2026-01-24 16:56:15,총무,사내 행사,5.2,1
I000497,2026-01-24 18:52:21,보안,접근 통제,10.8,1
I000023,2026-01-25 08:18:01,인사,퇴직금,12.5,1
I000168,2026-01-25 08:40:07,보안,접근 통제,17.7,1
I000074,2026-01-25 08:41:26,전산,메일 오류,9.9,1
I000409,2026-01-25 09:37:23,보안,MFA 오류,16.7,1
I000239,2026-01-25 10:21:41,전산,PC 장애,13.4,1
I000265,2026-01-25 11:48:34,법무,계약서 검토,23.8,1
I000466,2026-01-25 12:24:38,전산,계정 잠금,8.6,1
I000190,2026-01-25 12:45:01,전산,인터넷 연결,13.4,1
I000455,2026-01-25 15:49:15,전산,비밀번호 초기화,16.5,1
I000459,2026-01-25 15:59:07,인사,급여 문의,10.6,1
I000461,2026-01-25 16:57:09,인사,재직증명서,11.5,1
I000350,2026-01-25 17:02:12,전산,메일 오류,16.6,1
I000005,2026-01-25 17:22:16,보안,보안 신고,19.5,1
I000115,2026-01-25 17:23:45,전산,VPN 연결,14.4,0
I000260,2026-01-25 18:37:33,전산,메일 오류,13.1,1
I000264,2026-01-25 19:21:22,전산,VPN 연결,17.6,1
I000031,2026-01-25 19:31:56,법무,사내 규정,16.9,1
I000036,2026-01-26 10:34:53,전산,PC 장애,8.9,1
I000491,2026-01-26 11:01:37,전산,계정 잠금,12.4,1
I000166,2026-01-26 12:36:54,전산,프로그램 설치,14.4,1
I000112,2026-01-26 12:40:49,인사,퇴직금,7.5,1
I000300,2026-01-26 12:41:17,전산,PC 장애,15.8,1
I000428,2026-01-26 13:54:52,보안,보안 신고,18.7,1
I000192,2026-01-26 13:59:31,전산,인터넷 연결,10.3,1
I000177,2026-01-26 14:03:37,인사,연차 잔여일,11.0,1
I000488,2026-01-26 14:14:15,전산,인터넷 연결,17.4,0
I000021,2026-01-26 14:35:31,전산,메일 오류,8.6,1
I000012,2026-01-26 15:09:41,인사,퇴직금,8.1,1
I000017,2026-01-26 15:44:44,재무,세금계산서,9.3,1
I000122,2026-01-26 16:41:23,인사,퇴직금,8.9,1
I000077,2026-01-26 17:27:03,보안,MFA 오류,19.4,1
I000467,2026-01-26 17:51:05,총무,회의실 예약,5.0,1
I000287,2026-01-26 18:16:47,인사,급여 문의,8.1,1
I000215,2026-01-26 18:22:49,재무,법인카드 정산,9.0,1
I000257,2026-01-27 08:44:39,전산,인터넷 연결,16.1,1
I000223,2026-01-27 13:01:34,전산,프로그램 설치,10.6,1
I000361,2026-01-27 14:35:22,법무,계약서 검토,16.3,1
I000198,2026-01-27 14:45:15,총무,회의실 예약,11.8,1
I000464,2026-01-27 18:27:22,전산,프로그램 설치,11.0,1
I000318,2026-01-27 18:32:12,재무,출장비,15.4,1
I000137,2026-01-27 19:14:18,보안,접근 통제,21.3,1
I000004,2026-01-28 08:31:46,법무,계약서 검토,15.5,1
I000141,2026-01-28 11:15:25,전산,PC 장애,10.6,1
I000158,2026-01-28 13:06:07,전산,PC 장애,8.1,1
I000360,2026-01-28 14:20:29,인사,퇴직금,14.0,1
I000337,2026-01-28 14:53:55,보안,MFA 오류,21.5,1
I000142,2026-01-28 16:02:40,전산,계정 잠금,15.2,1
I000052,2026-01-28 17:11:20,인사,급여 문의,7.7,1
I000040,2026-01-28 17:26:18,전산,비밀번호 초기화,12.3,1
I000240,2026-01-28 17:47:18,인사,근태,15.0,1
I000206,2026-01-28 18:23:53,전산,인터넷 연결,10.7,1
I000153,2026-01-28 18:54:01,인사,급여 문의,10.0,1
I000382,2026-01-28 19:15:27,인사,재직증명서,11.1,1
I000308,2026-01-28 19:21:40,재무,출장비,10.0,1
I000480,2026-01-28 19:28:59,전산,PC 장애,17.2,1
I000422,2026-01-29 09:11:26,인사,출산휴가,11.9,1
I000393,2026-01-29 09:50:36,재무,출장비,16.2,1
I000037,2026-01-29 12:33:55,보안,보안 신고,15.9,1
I000443,2026-01-29 12:49:24,전산,인터넷 연결,16.0,1
I000186,2026-01-29 14:32:09,인사,복지,9.9,1
I000042,2026-01-29 15:39:08,총무,사내 행사,7.2,1
I000221,2026-01-29 15:53:13,인사,출산휴가,10.5,1
I000445,2026-01-29 16:35:52,전산,비밀번호 초기화,11.3,1
I000207,2026-01-29 17:03:55,인사,근태,10.3,1
I000181,2026-01-29 17:28:28,인사,근태,11.9,1
I000015,2026-01-29 17:32:54,총무,회의실 예약,10.0,1
I000209,2026-01-29 18:09:04,법무,법률 문의,18.8,1
I000259,2026-01-29 18:39:00,전산,VPN 연결,9.9,1
I000335,2026-01-29 19:15:45,재무,경비처리,14.2,1
I000034,2026-01-29 19:53:02,인사,출산휴가,12.5,1
I000119,2026-01-29 19:55:22,보안,MFA 오류,22.0,1
I000170,2026-01-30 08:02:32,전산,VPN 연결,15.5,1
I000276,2026-01-30 08:15:38,전산,PC 장애,15.7,1
I000096,2026-01-30 08:38:23,전산,비밀번호 초기화,9.4,1
I000392,2026-01-30 09:24:48,법무,개인정보 문의,23.3,1
I000365,2026-01-30 09:38:26,전산,비밀번호 초기화,9.4,1
I000456,2026-01-30 10:05:56,전산,인터넷 연결,10.4,1
I000324,2026-01-30 10:55:41,보안,MFA 오류,17.6,1
I000249,2026-01-30 11:02:35,전산,VPN 연결,17.8,1
I000402,2026-01-30 12:57:22,총무,구내식당 메뉴,6.6,1
I000058,2026-01-30 12:58:03,총무,회의실 예약,6.4,1
I000247,2026-01-30 13:10:34,법무,개인정보 문의,22.4,1
I000203,2026-01-30 13:15:39,총무,회의실 예약,5.7,0
I000398,2026-01-30 13:38:09,인사,재직증명서,14.5,1
I000171,2026-01-30 14:17:33,보안,MFA 오류,16.1,1
I000283,2026-01-30 14:26:46,보안,접근 통제,11.1,1
I000029,2026-01-30 16:39:16,전산,계정 잠금,8.6,1
I000282,2026-01-30 16:41:24,전산,인터넷 연결,15.4,1
I000390,2026-01-30 16:48:08,보안,권한 요청,20.8,1
I000253,2026-01-30 16:52:51,인사,출산휴가,9.6,1
I000297,2026-01-30 17:32:06,인사,복지,8.7,1
I000193,2026-01-30 19:13:21,총무,주차,6.9,1
I000217,2026-01-30 19:57:36,인사,복지,8.8,1
I000500,2026-01-31 08:28:09,전산,계정 잠금,15.4,1
I000470,2026-01-31 08:40:55,전산,VPN 연결,8.2,1
I000438,2026-01-31 09:24:07,보안,보안 신고,19.3,1
I000195,2026-01-31 10:45:47,인사,복지,7.5,1
I000311,2026-01-31 11:04:17,인사,복지,10.2,1
I000487,2026-01-31 12:24:30,인사,근태,13.6,1
I000291,2026-01-31 12:39:07,전산,프로그램 설치,17.9,1
I000345,2026-01-31 14:03:34,인사,복지,7.2,1
I000374,2026-01-31 14:16:31,총무,구내식당 메뉴,11.9,1
I000498,2026-01-31 15:17:27,전산,프로그램 설치,9.4,1
I000387,2026-01-31 19:41:51,법무,개인정보 문의,13.9,1
I000841,2026-02-01 08:10:26,총무,사내 행사,5.9,1
I000880,2026-02-01 09:12:23,재무,경비처리,9.2,0
I000656,2026-02-01 10:19:55,인사,재직증명서,8.4,1
I000561,2026-02-01 10:20:27,전산,프로그램 설치,12.1,1
I000519,2026-02-01 10:22:23,법무,개인정보 문의,12.6,1
I000748,2026-02-01 10:28:47,전산,VPN 연결,17.6,1
I000917,2026-02-01 11:56:44,법무,법률 문의,23.4,1
I000788,2026-02-01 14:31:56,보안,접근 통제,11.0,1
I000536,2026-02-01 14:41:17,재무,세금계산서,16.3,1
I000695,2026-02-01 15:02:47,재무,경비처리,9.0,1
I000727,2026-02-01 15:40:34,보안,권한 요청,16.5,1
I000895,2026-02-01 15:46:43,인사,연차 잔여일,8.1,1
I000781,2026-02-01 15:50:45,인사,재직증명서,8.8,1
I000888,2026-02-01 16:29:48,재무,경비처리,13.5,1
I000596,2026-02-01 17:43:09,전산,메일 오류,13.5,1
I000926,2026-02-01 18:28:28,총무,사내 행사,8.8,1
I000726,2026-02-01 19:38:51,전산,계정 잠금,17.6,1
I000859,2026-02-02 08:45:42,전산,계정 잠금,13.6,1
I000784,2026-02-02 09:30:16,전산,메일 오류,10.2,1
I000620,2026-02-02 09:38:49,전산,비밀번호 초기화,9.6,1
I000767,2026-02-02 09:41:12,보안,접근 통제,11.1,1
I000503,2026-02-02 10:22:27,법무,개인정보 문의,13.5,1
I000660,2026-02-02 12:24:40,인사,급여 문의,10.2,1
I000936,2026-02-02 15:37:26,인사,복지,12.7,1
I000546,2026-02-02 15:44:45,인사,연차 잔여일,7.1,1
I000826,2026-02-02 15:52:19,총무,구내식당 메뉴,5.0,1
I000637,2026-02-02 17:04:10,인사,출산휴가,8.7,1
I000809,2026-02-02 17:23:13,전산,인터넷 연결,9.8,1
I000778,2026-02-02 18:29:43,총무,회의실 예약,5.8,1
I000787,2026-02-02 19:33:11,인사,재직증명서,7.9,1
I000657,2026-02-02 19:46:27,인사,급여 문의,13.3,1
I000953,2026-02-03 08:20:55,재무,출장비,10.1,1
I000891,2026-02-03 09:15:48,보안,접근 통제,19.8,1
I000658,2026-02-03 09:17:01,인사,퇴직금,7.2,1
I000635,2026-02-03 09:30:46,전산,계정 잠금,10.6,1
I000747,2026-02-03 09:56:31,총무,회의실 예약,6.2,1
I000688,2026-02-03 10:43:21,인사,퇴직금,9.4,1
I000943,2026-02-03 11:25:26,보안,권한 요청,16.5,1
I000753,2026-02-03 12:02:58,전산,PC 장애,16.0,1
I000691,2026-02-03 12:30:53,전산,메일 오류,9.0,1
I000650,2026-02-03 12:37:53,보안,MFA 오류,14.6,1
I000579,2026-02-03 12:40:20,전산,PC 장애,13.3,1
I000960,2026-02-03 14:43:11,총무,회의실 예약,9.7,1
I000563,2026-02-03 14:57:31,인사,재직증명서,8.2,1
I000652,2026-02-03 15:12:54,전산,VPN 연결,8.6,1
I000972,2026-02-03 15:58:59,인사,복지,10.7,1
I000897,2026-02-03 16:07:18,보안,접근 통제,21.6,1
I000679,2026-02-03 17:07:06,법무,계약서 검토,14.5,1
I000923,2026-02-03 17:42:31,전산,비밀번호 초기화,10.8,1
I000887,2026-02-03 19:50:59,인사,출산휴가,12.3,1
I000984,2026-02-03 19:55:53,재무,법인카드 정산,15.8,1
I000920,2026-02-04 08:40:50,법무,계약서 검토,17.5,1
I000814,2026-02-04 08:41:17,총무,구내식당 메뉴,11.2,1
I000667,2026-02-04 08:57:18,법무,사내 규정,13.7,1
I000644,2026-02-04 09:43:16,인사,급여 문의,7.5,1
I000653,2026-02-04 09:47:27,인사,급여 문의,13.3,1
I000696,2026-02-04 09:49:49,보안,MFA 오류,16.2,0
I000723,2026-02-04 10:11:45,인사,재직증명서,11.3,1
I000701,2026-02-04 10:40:45,인사,출산휴가,7.3,1
I000555,2026-02-04 10:41:29,보안,보안 신고,20.5,1
I000977,2026-02-04 11:00:58,총무,구내식당 메뉴,11.2,1
I000709,2026-02-04 11:04:07,전산,프로그램 설치,16.5,1
I000677,2026-02-04 11:27:22,법무,개인정보 문의,21.7,1
I000531,2026-02-04 13:31:28,전산,VPN 연결,16.4,1
I000766,2026-02-04 15:45:41,인사,급여 문의,13.5,1
I000915,2026-02-04 17:00:41,전산,프로그램 설치,16.2,1
I000998,2026-02-04 18:13:38,재무,출장비,9.8,1
I000507,2026-02-04 18:19:24,전산,PC 장애,8.6,1
I000624,2026-02-04 18:36:32,전산,PC 장애,12.8,1
I000765,2026-02-04 19:02:28,법무,개인정보 문의,18.3,1
I000974,2026-02-04 19:07:02,재무,법인카드 정산,10.1,1
I000964,2026-02-05 08:01:35,전산,PC 장애,9.4,1
I000544,2026-02-05 08:08:32,전산,계정 잠금,16.0,1
I000590,2026-02-05 08:09:43,전산,프로그램 설치,8.2,1
I000705,2026-02-05 08:21:13,전산,메일 오류,13.4,1
I000577,2026-02-05 08:49:45,총무,비품,8.4,1
I000740,2026-02-05 09:33:17,총무,회의실 예약,8.9,1
I000910,2026-02-05 10:27:31,인사,연차 잔여일,8.8,1
I000719,2026-02-05 11:25:42,인사,재직증명서,7.7,0
I000988,2026-02-05 13:05:06,전산,메일 오류,16.4,1
I000611,2026-02-05 14:43:57,전산,프로그램 설치,12.6,1
I000932,2026-02-05 15:32:08,전산,메일 오류,16.0,1
I000918,2026-02-05 16:56:24,법무,개인정보 문의,19.5,1
I000822,2026-02-05 19:07:10,인사,급여 문의,13.0,1
I000547,2026-02-06 09:36:37,전산,인터넷 연결,15.2,1
I000823,2026-02-06 09:55:21,총무,구내식당 메뉴,7.6,1
I000965,2026-02-06 10:02:55,전산,비밀번호 초기화,10.5,1
I000532,2026-02-06 11:21:59,재무,법인카드 정산,8.9,1
I000954,2026-02-06 11:51:36,전산,PC 장애,9.5,1
I000724,2026-02-06 12:52:03,보안,권한 요청,13.6,1
I000670,2026-02-06 13:13:59,인사,연차 잔여일,12.6,1
I000751,2026-02-06 13:42:33,총무,회의실 예약,10.9,1
I000530,2026-02-06 14:58:24,전산,PC 장애,11.0,1
I000697,2026-02-06 15:36:44,인사,복지,9.0,1
I000517,2026-02-06 16:52:32,총무,사내 행사,10.6,1
I000645,2026-02-06 17:02:47,인사,복지,14.1,1
I000799,2026-02-06 18:01:26,보안,MFA 오류,21.4,1
I000878,2026-02-06 19:18:39,보안,MFA 오류,14.2,1
I000909,2026-02-06 19:35:55,인사,출산휴가,11.6,1
I000925,2026-02-06 19:38:36,전산,PC 장애,12.0,1
I000786,2026-02-07 08:21:03,전산,비밀번호 초기화,13.4,1
I000757,2026-02-07 09:04:35,법무,법률 문의,13.9,1
I000523,2026-02-07 09:21:56,보안,MFA 오류,13.1,1
I000580,2026-02-07 09:25:14,인사,복지,11.3,0
I000882,2026-02-07 10:39:22,전산,계정 잠금,15.5,1
I000949,2026-02-07 10:47:23,전산,VPN 연결,12.6,1
I000979,2026-02-07 12:35:42,전산,인터넷 연결,14.3,1
I000589,2026-02-07 12:56:56,재무,법인카드 정산,8.4,1
I000905,2026-02-07 13:10:16,총무,구내식당 메뉴,11.0,1
I000813,2026-02-07 13:28:18,전산,VPN 연결,11.3,1
I000873,2026-02-07 13:31:27,전산,PC 장애,9.7,1
I000725,2026-02-07 13:48:07,인사,연차 잔여일,10.3,1
I000820,2026-02-07 14:45:56,전산,계정 잠금,10.1,1
I000761,2026-02-07 14:59:08,인사,재직증명서,8.4,1
I000796,2026-02-07 14:59:53,보안,MFA 오류,22.0,1
I000971,2026-02-07 15:21:32,재무,경비처리,8.6,1
I000593,2026-02-07 15:26:52,인사,급여 문의,9.5,1
I000510,2026-02-07 15:31:38,전산,PC 장애,12.7,1
I000666,2026-02-07 16:58:51,전산,계정 잠금,8.9,1
I000737,2026-02-07 17:12:18,인사,복지,9.8,1
I000735,2026-02-07 19:27:24,보안,권한 요청,21.5,1
I000648,2026-02-08 08:01:45,재무,세금계산서,15.9,1
I000712,2026-02-08 08:04:24,법무,계약서 검토,16.3,1
I000906,2026-02-08 08:33:38,인사,근태,11.9,1
I000992,2026-02-08 08:36:47,총무,구내식당 메뉴,5.7,1
I000968,2026-02-08 08:57:14,인사,복지,10.9,1
I000865,2026-02-08 09:02:02,보안,접근 통제,15.2,1
I000612,2026-02-08 09:10:19,재무,세금계산서,9.0,1
I000515,2026-02-08 09:33:52,보안,MFA 오류,16.1,1
I000877,2026-02-08 10:16:30,전산,비밀번호 초기화,8.3,1
I000885,2026-02-08 11:47:33,보안,권한 요청,16.1,1
I000862,2026-02-08 12:18:55,전산,PC 장애,16.6,1
I000804,2026-02-08 12:59:06,전산,비밀번호 초기화,11.4,1
I000654,2026-02-08 14:16:17,전산,VPN 연결,9.8,1
I000854,2026-02-08 14:19:34,전산,비밀번호 초기화,9.0,1
I000951,2026-02-08 15:42:04,인사,재직증명서,10.7,1
I000708,2026-02-08 16:34:07,법무,사내 규정,23.1,1
I000902,2026-02-08 17:22:09,총무,회의실 예약,6.5,1
I000991,2026-02-08 18:13:17,전산,계정 잠금,14.3,1
I000608,2026-02-08 18:53:00,총무,사내 행사,10.4,1
I000540,2026-02-08 19:07:01,인사,재직증명서,13.2,1
I000832,2026-02-08 19:07:04,법무,법률 문의,12.5,1
I000502,2026-02-09 08:09:47,재무,세금계산서,15.7,1
I000850,2026-02-09 08:12:09,인사,급여 문의,8.1,1
I000553,2026-02-09 08:38:55,보안,보안 신고,10.8,1
I000827,2026-02-09 08:50:14,전산,인터넷 연결,12.4,1
I000683,2026-02-09 08:50:45,인사,출산휴가,11.9,1
I000871,2026-02-09 10:01:06,총무,회의실 예약,6.7,1
I000728,2026-02-09 10:24:53,전산,비밀번호 초기화,13.4,1
I000665,2026-02-09 10:48:30,전산,인터넷 연결,12.1,1
I000566,2026-02-09 11:07:21,인사,복지,8.8,1
I000958,2026-02-09 12:28:21,인사,연차 잔여일,9.3,1
I000848,2026-02-09 13:35:18,총무,비품,11.4,1
I000780,2026-02-09 13:36:25,총무,비품,11.8,1
I000717,2026-02-09 13:41:21,전산,VPN 연결,12.8,1
I000557,2026-02-09 13:47:59,보안,접근 통제,11.8,1
I000776,2026-02-09 14:22:15,재무,경비처리,16.6,1
I000985,2026-02-09 16:26:00,인사,근태,8.1,1
I000775,2026-02-09 16:29:23,총무,주차,7.0,1
I000921,2026-02-09 16:46:18,보안,MFA 오류,14.8,1
I000744,2026-02-09 17:05:07,전산,프로그램 설치,10.8,0
I000659,2026-02-09 18:17:42,전산,비밀번호 초기화,11.0,1
I000798,2026-02-09 19:16:00,인사,근태,10.0,1
I000633,2026-02-10 08:02:28,인사,근태,14.5,1
I000872,2026-02-10 08:20:23,인사,복지,14.7,1
I000576,2026-02-10 08:21:48,전산,VPN 연결,14.1,1
I000836,2026-02-10 09:15:51,총무,사내 행사,9.9,1
I000933,2026-02-10 09:20:54,재무,경비처리,16.1,1
I000539,2026-02-10 09:35:17,전산,비밀번호 초기화,11.0,1
I000843,2026-02-10 09:35:22,보안,MFA 오류,17.7,1
I000711,2026-02-10 10:00:51,보안,MFA 오류,13.1,1
I000930,2026-02-10 10:21:37,인사,복지,10.7,1
I000756,2026-02-10 11:53:24,총무,주차,6.7,1
I000511,2026-02-10 13:46:03,인사,연차 잔여일,7.0,1
I000662,2026-02-10 14:48:54,인사,근태,8.4,1
I000803,2026-02-10 17:47:15,법무,법률 문의,20.3,1
I000785,2026-02-10 18:51:33,전산,계정 잠금,12.5,1
I000537,2026-02-10 18:53:36,인사,연차 잔여일,13.5,1
I000610,2026-02-10 19:04:17,전산,PC 장애,12.3,1
I000840,2026-02-11 08:09:37,법무,계약서 검토,13.5,1
I000946,2026-02-11 08:45:13,전산,계정 잠금,11.6,1
I000669,2026-02-11 08:55:30,재무,출장비,9.4,1
I000558,2026-02-11 10:22:57,인사,급여 문의,12.8,1
I000514,2026-02-11 10:36:26,재무,세금계산서,13.4,1
I000518,2026-02-11 11:22:44,인사,근태,12.4,1
I000894,2026-02-11 14:01:32,인사,근태,13.6,1
I000641,2026-02-11 15:59:24,인사,급여 문의,9.8,1
I000800,2026-02-11 16:10:56,재무,법인카드 정산,10.8,1
I000853,2026-02-11 16:44:11,인사,퇴직금,9.6,1
I000957,2026-02-11 16:59:54,인사,근태,11.5,1
I000881,2026-02-11 19:34:21,총무,회의실 예약,11.8,1
I000513,2026-02-12 08:38:22,재무,법인카드 정산,11.9,1
I000565,2026-02-12 09:42:09,재무,법인카드 정산,10.2,1
I000970,2026-02-12 10:26:21,총무,비품,11.6,1
I000986,2026-02-12 11:34:15,재무,법인카드 정산,13.3,1
I000847,2026-02-12 12:02:36,인사,출산휴가,13.2,1
I000599,2026-02-12 12:03:31,총무,사내 행사,11.6,1
I000569,2026-02-12 13:01:05,전산,메일 오류,17.6,1
I000768,2026-02-12 13:52:00,인사,재직증명서,10.1,1
I000548,2026-02-12 15:08:30,인사,출산휴가,11.2,1
I000614,2026-02-12 19:34:46,인사,퇴직금,8.4,1
I000962,2026-02-13 08:16:57,인사,퇴직금,8.3,1
I000678,2026-02-13 09:12:15,인사,연차 잔여일,13.3,1
I000713,2026-02-13 10:36:03,인사,급여 문의,12.1,1
I000508,2026-02-13 11:35:16,재무,경비처리,13.3,1
I000750,2026-02-13 11:58:55,재무,경비처리,11.4,1
I000598,2026-02-13 14:31:42,보안,접근 통제,21.5,1
I000938,2026-02-13 14:46:17,법무,개인정보 문의,18.3,1
I000857,2026-02-13 15:41:42,전산,인터넷 연결,9.3,1
I000752,2026-02-13 15:56:09,인사,퇴직금,8.0,1
I000528,2026-02-13 16:59:33,보안,권한 요청,12.3,1
I000556,2026-02-13 17:06:38,전산,프로그램 설치,17.9,1
I000640,2026-02-13 17:13:24,전산,비밀번호 초기화,12.8,1
I000755,2026-02-13 17:15:29,총무,주차,10.3,1
I000922,2026-02-13 18:30:18,보안,MFA 오류,12.6,1
I000929,2026-02-13 18:57:20,인사,출산휴가,7.5,1
I001000,2026-02-14 08:21:31,전산,PC 장애,15.3,1
I000534,2026-02-14 08:26:34,전산,인터넷 연결,15.8,0
I000901,2026-02-14 08:44:41,보안,권한 요청,11.1,1
I000805,2026-02-14 08:57:23,전산,계정 잠금,15.3,1
I000896,2026-02-14 09:42:23,재무,법인카드 정산,9.2,1
I000924,2026-02-14 10:07:06,전산,메일 오류,12.1,1
I000559,2026-02-14 10:46:48,총무,구내식당 메뉴,8.1,1
I000734,2026-02-14 11:10:38,전산,비밀번호 초기화,8.3,1
I000967,2026-02-14 13:36:59,전산,인터넷 연결,8.2,1
I000838,2026-02-14 15:30:35,보안,접근 통제,14.0,1
I000758,2026-02-14 15:34:27,재무,세금계산서,8.1,1
I000861,2026-02-14 16:20:05,인사,급여 문의,11.0,1
I000604,2026-02-14 16:41:07,전산,인터넷 연결,16.3,1
I000919,2026-02-14 18:27:39,재무,출장비,8.9,0
I000797,2026-02-14 19:26:21,인사,퇴직금,9.4,1
I000852,2026-02-14 19:51:16,재무,세금계산서,12.0,1
I000912,2026-02-15 08:05:58,재무,법인카드 정산,10.5,1
I000790,2026-02-15 08:55:23,재무,세금계산서,14.8,1
I000607,2026-02-15 09:18:52,인사,퇴직금,10.1,1
I000571,2026-02-15 09:34:59,인사,출산휴가,14.6,1
I000524,2026-02-15 10:14:14,전산,인터넷 연결,15.2,1
I000879,2026-02-15 10:17:22,전산,계정 잠금,16.4,1
I000976,2026-02-15 10:35:11,총무,주차,9.1,1
I000815,2026-02-15 11:04:10,인사,급여 문의,11.9,1
I000855,2026-02-15 11:48:57,전산,프로그램 설치,12.0,1
I000935,2026-02-15 12:01:59,전산,계정 잠금,12.1,1
I000690,2026-02-15 13:10:27,총무,비품,6.8,1
I000560,2026-02-15 13:12:07,전산,메일 오류,13.1,1
I000807,2026-02-15 13:52:39,전산,PC 장애,9.4,1
I000731,2026-02-15 13:59:30,인사,복지,10.2,0
I000948,2026-02-15 14:31:55,전산,비밀번호 초기화,14.1,1
I000655,2026-02-15 14:37:38,재무,법인카드 정산,14.5,1
I000501,2026-02-15 15:09:42,재무,법인카드 정산,8.7,1
I000704,2026-02-15 15:29:49,인사,퇴직금,7.8,0
I000889,2026-02-15 15:31:17,인사,재직증명서,7.7,1
I000782,2026-02-15 17:09:32,재무,경비처리,13.5,0
I000584,2026-02-15 18:07:11,인사,퇴직금,8.1,1
I000588,2026-02-15 19:16:30,재무,세금계산서,8.7,1
I000875,2026-02-15 19:32:36,전산,VPN 연결,8.5,1
I000549,2026-02-15 19:53:46,인사,출산휴가,11.7,1
I000947,2026-02-16 08:35:42,보안,권한 요청,13.5,1
I000792,2026-02-16 09:24:48,전산,메일 오류,17.4,1
I000955,2026-02-16 09:45:26,전산,VPN 연결,15.2,1
I000581,2026-02-16 11:13:52,총무,회의실 예약,7.5,1
I000619,2026-02-16 11:39:23,재무,세금계산서,16.1,1
I000623,2026-02-16 14:07:05,인사,연차 잔여일,11.9,1
I000754,2026-02-16 14:33:25,전산,인터넷 연결,9.1,1
I000686,2026-02-16 15:34:33,법무,법률 문의,22.7,1
I000981,2026-02-16 15:46:17,법무,계약서 검토,14.5,1
I000952,2026-02-16 16:29:35,인사,재직증명서,12.6,1
I000698,2026-02-16 18:24:48,인사,퇴직금,7.6,1
I000567,2026-02-16 18:35:50,총무,주차,8.4,1
I000851,2026-02-16 18:45:33,전산,PC 장애,10.1,1
I000545,2026-02-16 18:57:42,재무,경비처리,15.6,1
I000707,2026-02-16 19:19:36,전산,계정 잠금,10.9,1
I000591,2026-02-17 09:05:52,전산,VPN 연결,12.9,1
I000716,2026-02-17 09:34:38,총무,주차,5.4,1
I000810,2026-02-17 10:39:13,인사,퇴직금,7.9,1
I000989,2026-02-17 10:43:28,총무,사내 행사,7.9,1
I000937,2026-02-17 11:47:09,전산,PC 장애,17.7,0
I000860,2026-02-17 12:28:16,보안,접근 통제,16.3,1
I000745,2026-02-17 12:34:40,전산,메일 오류,10.9,0
I000927,2026-02-17 12:48:19,인사,재직증명서,8.2,1
I000774,2026-02-17 13:03:10,전산,비밀번호 초기화,17.9,1
I000738,2026-02-17 14:46:02,총무,비품,10.7,1
I000639,2026-02-17 15:06:02,보안,MFA 오류,13.4,1
I000931,2026-02-17 15:43:50,전산,인터넷 연결,9.3,1
I000535,2026-02-17 17:02:44,전산,프로그램 설치,16.3,1
I000916,2026-02-17 17:32:35,전산,비밀번호 초기화,12.3,1
I000504,2026-02-17 17:56:21,전산,메일 오류,12.1,1
I000721,2026-02-17 18:03:25,인사,복지,12.6,1
I000759,2026-02-17 18:56:46,인사,근태,7.9,1
I000702,2026-02-17 19:19:57,법무,사내 규정,12.1,1
I000811,2026-02-17 19:22:47,전산,인터넷 연결,16.7,1
I000595,2026-02-17 19:25:09,재무,법인카드 정산,11.7,1
I000828,2026-02-17 19:40:54,법무,법률 문의,13.4,1
I000994,2026-02-17 19:41:15,재무,세금계산서,11.9,1
I000603,2026-02-18 10:49:08,전산,프로그램 설치,16.9,1
I000661,2026-02-18 11:09:32,인사,연차 잔여일,7.3,1
I000587,2026-02-18 11:28:50,인사,연차 잔여일,7.1,1
I000693,2026-02-18 11:40:25,재무,경비처리,10.4,1
I000616,2026-02-18 12:04:19,법무,법률 문의,20.8,1
I000904,2026-02-18 12:12:42,총무,구내식당 메뉴,10.6,1
I000601,2026-02-18 12:20:31,총무,구내식당 메뉴,8.8,1
I000801,2026-02-18 12:26:33,법무,법률 문의,19.0,1
I000866,2026-02-18 12:26:35,인사,재직증명서,13.7,1
I000839,2026-02-18 12:58:49,전산,비밀번호 초기화,16.8,1
I000762,2026-02-18 13:12:37,보안,MFA 오류,11.0,1
I000980,2026-02-18 13:25:42,전산,메일 오류,15.2,1
I000945,2026-02-18 14:19:04,재무,세금계산서,11.2,1
I000718,2026-02-18 15:53:46,인사,연차 잔여일,7.3,1
I000950,2026-02-18 18:00:48,인사,근태,14.1,1
I000585,2026-02-18 18:43:10,총무,주차,11.0,1
I000791,2026-02-19 08:02:35,보안,보안 신고,21.3,1
I000703,2026-02-19 08:19:19,인사,출산휴가,13.7,1
I000672,2026-02-19 09:34:10,인사,복지,7.5,1
I000893,2026-02-19 09:55:21,인사,급여 문의,8.5,1
I000516,2026-02-19 10:09:05,법무,계약서 검토,22.3,1
I000837,2026-02-19 10:50:07,인사,연차 잔여일,7.2,1
I000772,2026-02-19 11:07:30,총무,회의실 예약,11.6,1
I000996,2026-02-19 11:27:21,총무,비품,5.8,1
I000574,2026-02-19 11:39:55,인사,근태,9.7,1
I000582,2026-02-19 13:09:35,총무,구내식당 메뉴,8.5,1
I000846,2026-02-19 13:22:02,인사,출산휴가,7.7,1
I000602,2026-02-19 13:44:50,총무,비품,7.2,1
I000520,2026-02-19 14:12:51,전산,VPN 연결,15.0,1
I000631,2026-02-19 14:25:40,보안,권한 요청,18.7,1
I000884,2026-02-19 14:53:39,보안,MFA 오류,11.4,1
I000636,2026-02-19 15:27:12,전산,메일 오류,11.2,1
I000578,2026-02-19 15:55:22,전산,프로그램 설치,9.9,1
I000525,2026-02-19 15:57:23,전산,PC 장애,15.2,1
I000969,2026-02-19 16:15:30,전산,PC 장애,14.9,1
I000687,2026-02-19 16:33:15,보안,접근 통제,17.3,1
I000746,2026-02-19 16:34:26,총무,사내 행사,6.9,1
I000869,2026-02-19 16:42:46,보안,권한 요청,12.8,1
I000597,2026-02-19 16:52:57,전산,인터넷 연결,9.1,1
I000573,2026-02-19 19:50:29,전산,PC 장애,13.6,1
I000939,2026-02-20 08:12:04,인사,퇴직금,7.9,1
I000720,2026-02-20 08:58:09,인사,퇴직금,13.3,1
I000741,2026-02-20 09:42:25,보안,보안 신고,19.4,1
I000706,2026-02-20 09:58:45,전산,VPN 연결,14.0,1
I000722,2026-02-20 10:18:03,전산,계정 잠금,16.8,1
I000908,2026-02-20 10:19:58,전산,비밀번호 초기화,15.4,1
I000999,2026-02-20 10:54:43,인사,급여 문의,9.3,1
I000806,2026-02-20 11:56:34,재무,세금계산서,13.7,1
I000509,2026-02-20 12:21:31,인사,퇴직금,14.3,1
I000769,2026-02-20 12:37:10,전산,VPN 연결,10.6,1
I000824,2026-02-20 13:36:25,법무,법률 문의,15.9,1
I000771,2026-02-20 13:47:54,인사,급여 문의,8.4,1
I000541,2026-02-20 13:49:31,전산,PC 장애,9.3,1
I000961,2026-02-20 14:28:59,법무,사내 규정,18.2,1
I000779,2026-02-20 17:20:18,인사,근태,13.1,1
I000680,2026-02-20 17:47:35,전산,계정 잠금,9.0,1
I000527,2026-02-20 18:21:10,재무,출장비,8.2,1
I000739,2026-02-20 19:06:10,법무,사내 규정,15.0,1
I000533,2026-02-20 19:23:30,재무,세금계산서,15.1,1
I000903,2026-02-20 19:32:52,재무,세금계산서,11.6,1
I000963,2026-02-20 19:51:49,전산,메일 오류,14.5,1
I000876,2026-02-21 08:20:34,인사,연차 잔여일,9.1,1
I000816,2026-02-21 09:54:00,인사,연차 잔여일,10.2,1
I000629,2026-02-21 09:58:16,인사,급여 문의,13.0,1
I000715,2026-02-21 10:00:54,전산,프로그램 설치,13.2,1
I000651,2026-02-21 10:02:35,총무,구내식당 메뉴,7.5,1
I000605,2026-02-21 11:29:50,보안,접근 통제,15.1,1
I000864,2026-02-21 11:30:42,총무,구내식당 메뉴,7.6,1
I000564,2026-02-21 11:59:10,인사,연차 잔여일,12.3,1
I000808,2026-02-21 13:33:13,전산,PC 장애,17.4,1
I000638,2026-02-21 14:08:16,보안,MFA 오류,14.4,1
I000941,2026-02-21 14:09:12,인사,퇴직금,11.1,1
I000622,2026-02-21 14:14:09,법무,사내 규정,15.9,1
I000551,2026-02-21 14:17:48,전산,계정 잠금,16.2,1
I000858,2026-02-21 14:36:04,재무,출장비,8.5,1
I000674,2026-02-21 15:41:07,전산,비밀번호 초기화,11.8,1
I000617,2026-02-21 16:03:13,전산,메일 오류,12.9,1
I000743,2026-02-21 16:10:16,전산,계정 잠금,16.8,1
I000830,2026-02-21 16:26:56,인사,출산휴가,14.8,1
I000993,2026-02-21 17:30:14,전산,인터넷 연결,11.1,1
I000600,2026-02-21 17:38:46,전산,계정 잠금,17.0,1
I000692,2026-02-21 18:48:01,전산,비밀번호 초기화,17.4,1
I000543,2026-02-21 19:02:54,전산,VPN 연결,8.4,1
I000522,2026-02-22 09:42:24,보안,보안 신고,18.9,1
I000907,2026-02-22 10:10:03,인사,퇴직금,8.1,1
I000668,2026-02-22 11:12:31,총무,회의실 예약,11.4,1
I000647,2026-02-22 11:21:35,법무,법률 문의,15.5,1
I000681,2026-02-22 12:26:56,전산,프로그램 설치,13.5,1
I000819,2026-02-22 12:45:19,총무,주차,8.6,1
I000868,2026-02-22 13:29:02,법무,개인정보 문의,15.8,1
I000729,2026-02-22 14:02:03,인사,연차 잔여일,14.1,1
I000883,2026-02-22 14:26:30,전산,VPN 연결,12.0,1
I000975,2026-02-22 15:58:56,인사,급여 문의,10.4,1
I000512,2026-02-22 16:17:04,재무,세금계산서,14.4,1
I000845,2026-02-22 16:28:39,총무,구내식당 메뉴,5.4,1
I000834,2026-02-22 17:10:23,전산,비밀번호 초기화,13.4,0
I000987,2026-02-22 17:26:57,법무,법률 문의,23.6,1
I000583,2026-02-22 17:53:56,인사,복지,13.5,1
I000736,2026-02-22 18:07:39,전산,인터넷 연결,15.9,1
I000628,2026-02-22 18:08:45,법무,개인정보 문의,19.8,1
I000570,2026-02-22 18:11:07,전산,인터넷 연결,8.4,1
I000592,2026-02-22 18:16:17,총무,비품,8.1,1
I000835,2026-02-22 18:56:04,재무,법인카드 정산,11.7,1
I000914,2026-02-22 19:04:57,보안,보안 신고,12.8,0
I000777,2026-02-22 19:07:17,전산,계정 잠금,14.6,1
I000642,2026-02-22 19:22:01,보안,권한 요청,20.5,1
I000831,2026-02-23 08:41:17,인사,연차 잔여일,10.6,1
I000694,2026-02-23 09:54:27,인사,급여 문의,9.6,1
I000892,2026-02-23 09:59:19,전산,메일 오류,10.3,1
I000795,2026-02-23 10:31:51,보안,보안 신고,11.4,1
I000626,2026-02-23 11:38:56,전산,프로그램 설치,8.9,1
I000521,2026-02-23 11:59:33,전산,비밀번호 초기화,16.3,1
I000982,2026-02-23 12:05:42,보안,보안 신고,16.1,1
I000900,2026-02-23 12:11:14,전산,VPN 연결,11.7,1
I000664,2026-02-23 14:32:15,재무,법인카드 정산,13.9,1
I000572,2026-02-23 14:39:57,총무,비품,10.9,1
I000634,2026-02-23 17:10:09,총무,회의실 예약,8.0,1
I000990,2026-02-23 18:08:08,재무,법인카드 정산,14.9,1
I000663,2026-02-23 18:10:10,총무,주차,6.4,1
I000911,2026-02-23 18:24:20,법무,계약서 검토,12.7,1
I000538,2026-02-23 18:28:52,재무,세금계산서,14.9,1
I000863,2026-02-23 18:47:30,전산,계정 잠금,15.3,1
I000794,2026-02-23 18:49:08,보안,보안 신고,11.6,1
I000802,2026-02-23 18:53:00,총무,주차,8.5,1
I000833,2026-02-24 08:12:43,총무,구내식당 메뉴,5.6,1
I000506,2026-02-24 08:12:52,인사,복지,7.9,0
I000749,2026-02-24 08:20:03,법무,법률 문의,19.7,1
I000586,2026-02-24 10:23:01,인사,퇴직금,9.1,1
I000609,2026-02-24 13:51:11,법무,계약서 검토,22.7,1
I000710,2026-02-24 14:01:13,재무,법인카드 정산,8.2,1
I000594,2026-02-24 14:28:58,전산,PC 장애,13.0,1
I000643,2026-02-24 14:44:39,인사,퇴직금,11.7,1
I000733,2026-02-24 15:39:04,보안,보안 신고,21.1,1
I000783,2026-02-24 15:43:42,재무,세금계산서,8.7,1
I000542,2026-02-24 16:13:43,인사,연차 잔여일,7.4,0
I000874,2026-02-24 17:45:20,인사,퇴직금,8.8,1
I000646,2026-02-24 17:47:20,전산,비밀번호 초기화,16.5,1
I000742,2026-02-24 17:50:23,보안,접근 통제,11.8,1
I000613,2026-02-24 18:00:00,재무,출장비,13.7,1
I000685,2026-02-24 18:35:45,인사,출산휴가,8.8,1
I000550,2026-02-24 18:39:46,인사,복지,8.9,1
I000934,2026-02-25 08:26:16,총무,회의실 예약,8.6,1
I000886,2026-02-25 09:45:57,전산,VPN 연결,8.1,1
I000773,2026-02-25 10:15:15,인사,재직증명서,11.6,1
I000676,2026-02-25 10:25:10,총무,주차,11.2,1
I000842,2026-02-25 11:00:20,총무,회의실 예약,8.6,1
I000505,2026-02-25 11:51:22,총무,구내식당 메뉴,5.3,1
I000671,2026-02-25 12:24:13,인사,근태,13.9,1
I000760,2026-02-25 12:31:16,재무,세금계산서,15.4,1
I000973,2026-02-25 12:57:47,인사,출산휴가,14.3,1
I000568,2026-02-25 13:13:05,전산,VPN 연결,9.8,1
I000849,2026-02-25 15:48:56,총무,주차,9.3,1
I000928,2026-02-25 15:52:31,전산,프로그램 설치,13.8,1
I000675,2026-02-25 16:35:02,인사,연차 잔여일,13.2,1
I000890,2026-02-25 16:39:00,전산,비밀번호 초기화,16.8,1
I000606,2026-02-25 17:13:29,전산,VPN 연결,12.6,1
I000649,2026-02-25 17:13:33,재무,세금계산서,9.4,1
I000526,2026-02-25 17:17:25,총무,주차,10.1,1
I000899,2026-02-25 18:52:41,인사,급여 문의,11.3,1
I000898,2026-02-25 19:06:32,인사,급여 문의,8.4,1
I000983,2026-02-25 19:35:50,재무,출장비,16.7,1
I000763,2026-02-26 08:25:52,전산,계정 잠금,10.4,1
I000682,2026-02-26 08:26:27,총무,주차,8.0,1
I000966,2026-02-26 08:43:23,인사,연차 잔여일,14.4,1
I000944,2026-02-26 10:04:07,법무,사내 규정,20.5,1
I000684,2026-02-26 10:42:04,재무,세금계산서,11.6,1
I000764,2026-02-26 13:54:19,전산,VPN 연결,17.7,1
I000730,2026-02-26 14:52:19,총무,사내 행사,7.2,1
I000732,2026-02-26 15:13:27,보안,MFA 오류,10.0,1
I000817,2026-02-26 15:58:00,보안,MFA 오류,21.6,1
I000621,2026-02-26 18:00:37,인사,근태,9.8,1
I000829,2026-02-26 18:30:42,보안,접근 통제,11.3,1
I000844,2026-02-26 18:38:12,전산,비밀번호 초기화,12.0,1
I000618,2026-02-26 18:58:46,총무,비품,5.7,1
I000913,2026-02-26 19:19:37,총무,사내 행사,10.2,1
I000627,2026-02-26 19:36:05,전산,메일 오류,10.3,1
I000867,2026-02-26 19:39:04,재무,출장비,16.9,1
I000714,2026-02-27 08:16:18,전산,메일 오류,9.6,1
I000997,2026-02-27 09:34:58,재무,경비처리,8.5,1
I000529,2026-02-27 09:54:31,전산,VPN 연결,17.8,1
I000615,2026-02-27 10:33:06,총무,비품,7.6,1
I000630,2026-02-27 10:34:42,재무,세금계산서,9.0,1
I000699,2026-02-27 10:48:30,재무,세금계산서,14.6,1
I000562,2026-02-27 10:56:43,인사,퇴직금,10.4,1
I000552,2026-02-27 10:59:10,보안,보안 신고,21.7,1
I000856,2026-02-27 13:58:14,전산,인터넷 연결,16.8,1
I000689,2026-02-27 14:11:42,전산,VPN 연결,13.6,1
I000673,2026-02-27 14:53:37,인사,복지,12.0,1
I000940,2026-02-27 16:13:11,총무,주차,11.5,1
I000789,2026-02-27 17:05:26,전산,PC 장애,16.3,1
I000818,2026-02-27 17:29:53,전산,PC 장애,9.6,0
I000959,2026-02-27 18:16:46,전산,인터넷 연결,15.6,1
I000632,2026-02-27 19:44:53,보안,접근 통제,21.1,1
I000942,2026-02-27 19:49:59,재무,경비처리,10.6,1
I000825,2026-02-28 09:15:52,전산,메일 오류,8.1,1
I000995,2026-02-28 09:20:04,재무,세금계산서,12.2,1
I000821,2026-02-28 10:38:45,인사,급여 문의,14.3,1
I000956,2026-02-28 10:56:11,총무,사내 행사,5.6,1
I000793,2026-02-28 11:25:58,보안,권한 요청,17.0,1
I000812,2026-02-28 11:55:25,총무,회의실 예약,7.0,1
I000870,2026-02-28 13:17:31,인사,퇴직금,14.8,1
I000554,2026-02-28 13:39:54,인사,퇴직금,11.4,1
I000575,2026-02-28 14:22:46,총무,구내식당 메뉴,11.9,1
I000770,2026-02-28 15:38:35,보안,보안 신고,16.1,1
I000625,2026-02-28 15:54:19,인사,급여 문의,9.7,1
I000978,2026-02-28 17:34:37,총무,비품,7.2,1
I000700,2026-02-28 19:14:57,보안,접근 통제,12.6,1
I001412,2026-03-01 08:41:11,인사,근태,10.3,1
I001092,2026-03-01 10:17:21,총무,비품,7.5,1
I001090,2026-03-01 10:48:42,전산,VPN 연결,11.8,1
I001324,2026-03-01 10:53:33,총무,구내식당 메뉴,11.1,1
I001325,2026-03-01 11:22:46,총무,사내 행사,7.9,1
I001022,2026-03-01 11:43:15,총무,사내 행사,9.9,1
I001208,2026-03-01 12:04:29,전산,메일 오류,13.9,1
I001031,2026-03-01 12:34:35,법무,사내 규정,13.0,1
I001234,2026-03-01 13:10:15,재무,세금계산서,13.3,1
I001350,2026-03-01 13:35:52,전산,VPN 연결,17.1,1
I001240,2026-03-01 13:38:06,재무,경비처리,13.4,1
I001466,2026-03-01 13:39:02,전산,메일 오류,16.4,0
I001118,2026-03-01 14:42:52,재무,경비처리,9.7,1
I001226,2026-03-01 14:43:23,전산,메일 오류,17.1,1
I001375,2026-03-01 14:48:49,전산,비밀번호 초기화,13.2,1
I001402,2026-03-01 15:45:49,전산,계정 잠금,10.6,1
I001002,2026-03-01 16:50:26,인사,연차 잔여일,11.3,0
I001470,2026-03-01 16:57:08,전산,비밀번호 초기화,12.2,1
I001231,2026-03-01 17:34:25,인사,연차 잔여일,7.2,1
I001485,2026-03-01 17:50:45,전산,메일 오류,8.5,1
I001206,2026-03-01 18:06:16,인사,퇴직금,12.0,1
I001478,2026-03-01 18:39:19,전산,PC 장애,16.9,1
I001113,2026-03-01 18:50:30,총무,구내식당 메뉴,11.4,1
I001212,2026-03-01 19:54:53,재무,경비처리,9.9,1
I001188,2026-03-02 08:04:12,보안,권한 요청,15.6,1
I001011,2026-03-02 08:48:40,보안,접근 통제,17.8,1
I001286,2026-03-02 10:22:04,인사,재직증명서,13.1,1
I001186,2026-03-02 11:18:39,법무,법률 문의,14.9,1
I001334,2026-03-02 11:25:52,법무,계약서 검토,19.7,1
I001227,2026-03-02 12:26:10,전산,인터넷 연결,10.7,1
I001371,2026-03-02 13:55:41,재무,경비처리,15.1,0
I001345,2026-03-02 13:58:23,전산,인터넷 연결,14.2,1
I001200,2026-03-02 16:04:19,전산,계정 잠금,14.6,1
I001405,2026-03-02 16:18:39,인사,연차 잔여일,13.6,0
I001053,2026-03-02 16:27:51,인사,재직증명서,14.3,1
I001486,2026-03-02 16:57:51,총무,구내식당 메뉴,6.5,0
I001110,2026-03-02 17:17:28,전산,비밀번호 초기화,12.8,1
I001294,2026-03-02 17:24:54,인사,퇴직금,10.9,1
I001314,2026-03-02 18:17:25,총무,주차,5.5,1
I001048,2026-03-02 18:59:55,법무,사내 규정,21.0,1
I001249,2026-03-03 08:36:50,전산,계정 잠금,15.3,1
I001342,2026-03-03 09:04:27,법무,사내 규정,14.5,0
I001252,2026-03-03 09:11:56,전산,비밀번호 초기화,16.3,1
I001439,2026-03-03 09:39:41,재무,경비처리,15.2,1
I001101,2026-03-03 10:00:55,보안,보안 신고,14.2,1
I001187,2026-03-03 10:52:04,전산,메일 오류,10.9,1
I001257,2026-03-03 10:59:15,총무,주차,11.8,1
I001426,2026-03-03 11:19:46,전산,메일 오류,16.2,1
I001496,2026-03-03 11:53:00,인사,출산휴가,14.7,1
I001124,2026-03-03 13:06:52,인사,급여 문의,9.0,1
I001436,2026-03-03 13:56:10,인사,퇴직금,13.6,1
I001216,2026-03-03 15:03:37,인사,재직증명서,9.9,1
I001044,2026-03-03 17:07:55,전산,프로그램 설치,11.9,1
I001304,2026-03-03 18:54:29,전산,PC 장애,8.1,1
I001307,2026-03-03 19:53:52,전산,인터넷 연결,14.0,1
I001449,2026-03-04 08:20:21,총무,구내식당 메뉴,5.7,1
I001291,2026-03-04 09:19:12,재무,세금계산서,9.6,1
I001014,2026-03-04 09:54:47,전산,PC 장애,17.6,1
I001185,2026-03-04 10:26:22,인사,급여 문의,13.3,1
I001421,2026-03-04 10:42:04,전산,계정 잠금,8.9,1
I001465,2026-03-04 12:32:08,재무,세금계산서,10.1,1
I001215,2026-03-04 13:18:21,총무,주차,9.4,1
I001444,2026-03-04 13:33:31,전산,프로그램 설치,14.8,1
I001147,2026-03-04 14:42:52,재무,출장비,15.0,1
I001280,2026-03-04 14:52:42,전산,VPN 연결,16.3,1
I001195,2026-03-04 15:29:21,인사,재직증명서,12.8,1
I001460,2026-03-04 15:52:42,재무,출장비,11.2,1
I001473,2026-03-04 16:32:07,총무,사내 행사,7.4,1
I001120,2026-03-04 16:35:44,전산,계정 잠금,15.1,1
I001482,2026-03-04 17:33:44,재무,경비처리,10.7,1
I001102,2026-03-04 18:04:31,전산,인터넷 연결,14.7,1
I001381,2026-03-04 18:19:35,전산,계정 잠금,8.4,1
I001363,2026-03-04 19:04:01,인사,급여 문의,10.4,1
I001179,2026-03-05 08:00:36,총무,비품,7.1,0
I001340,2026-03-05 08:12:54,법무,법률 문의,21.5,1
I001065,2026-03-05 08:56:23,보안,권한 요청,12.0,1
I001145,2026-03-05 09:31:53,보안,권한 요청,21.7,1
I001341,2026-03-05 10:02:40,전산,VPN 연결,17.0,0
I001264,2026-03-05 10:41:23,전산,계정 잠금,8.4,1
I001032,2026-03-05 11:20:58,전산,계정 잠금,13.0,1
I001418,2026-03-05 12:19:18,보안,권한 요청,11.1,1
I001352,2026-03-05 12:29:06,전산,계정 잠금,16.4,1
I001170,2026-03-05 12:29:49,인사,출산휴가,13.6,0
I001035,2026-03-05 12:49:10,보안,권한 요청,16.6,1
I001305,2026-03-05 14:42:22,전산,VPN 연결,8.9,1
I001169,2026-03-05 15:23:43,전산,PC 장애,17.0,1
I001417,2026-03-05 15:58:13,전산,PC 장애,9.0,0
I001213,2026-03-05 18:23:33,총무,사내 행사,8.3,1
I001259,2026-03-05 18:49:05,총무,구내식당 메뉴,5.2,1
I001265,2026-03-05 19:22:17,인사,복지,12.1,0
I001062,2026-03-06 08:04:41,보안,접근 통제,19.9,1
I001013,2026-03-06 08:12:00,인사,근태,12.4,1
I001180,2026-03-06 09:29:23,보안,권한 요청,18.6,1
I001379,2026-03-06 12:02:06,인사,복지,7.2,1
I001312,2026-03-06 12:20:59,전산,VPN 연결,10.6,1
I001042,2026-03-06 12:24:37,보안,접근 통제,20.5,1
I001050,2026-03-06 12:38:16,전산,프로그램 설치,12.9,1
I001242,2026-03-06 13:30:03,인사,근태,12.2,1
I001088,2026-03-06 13:43:46,인사,재직증명서,8.4,1
I001130,2026-03-06 14:04:49,전산,비밀번호 초기화,17.4,1
I001446,2026-03-06 14:17:41,전산,PC 장애,11.3,1
I001296,2026-03-06 14:32:04,인사,연차 잔여일,12.2,0
I001301,2026-03-06 14:35:25,총무,주차,6.6,1
I001273,2026-03-06 14:39:49,전산,VPN 연결,14.1,1
I001392,2026-03-06 15:05:44,인사,연차 잔여일,13.3,1
I001173,2026-03-06 15:22:50,전산,비밀번호 초기화,17.1,1
I001346,2026-03-06 16:21:38,전산,비밀번호 초기화,11.2,1
I001041,2026-03-06 17:49:00,인사,재직증명서,15.0,1
I001403,2026-03-06 18:01:52,전산,VPN 연결,9.4,0
I001383,2026-03-06 18:08:26,보안,접근 통제,11.0,1
I001435,2026-03-06 18:12:26,전산,프로그램 설치,9.0,1
I001219,2026-03-06 18:48:29,전산,메일 오류,11.9,1
I001159,2026-03-06 19:00:34,전산,인터넷 연결,10.4,1
I001366,2026-03-06 19:08:05,총무,사내 행사,5.1,1
I001132,2026-03-06 19:11:09,전산,PC 장애,8.5,1
I001386,2026-03-06 19:26:22,보안,권한 요청,21.7,1
I001481,2026-03-06 19:42:10,전산,비밀번호 초기화,8.6,1
I001112,2026-03-06 19:51:38,전산,VPN 연결,14.9,1
I001138,2026-03-07 08:06:03,총무,사내 행사,5.5,1
I001332,2026-03-07 08:21:45,인사,연차 잔여일,12.8,1
I001404,2026-03-07 08:42:58,재무,세금계산서,10.3,1
I001438,2026-03-07 10:04:03,인사,재직증명서,7.4,1
I001276,2026-03-07 12:13:23,전산,인터넷 연결,13.8,1
I001408,2026-03-07 12:23:47,인사,퇴직금,9.7,1
I001058,2026-03-07 13:58:33,전산,프로그램 설치,8.2,1
I001017,2026-03-07 14:17:00,인사,출산휴가,11.5,1
I001016,2026-03-07 14:47:24,전산,메일 오류,13.0,1
I001272,2026-03-07 15:28:31,법무,개인정보 문의,20.1,1
I001244,2026-03-07 15:41:52,재무,법인카드 정산,13.8,1
I001476,2026-03-07 16:51:16,법무,개인정보 문의,18.1,1
I001126,2026-03-07 19:00:53,인사,복지,11.6,1
I001388,2026-03-08 08:11:27,전산,VPN 연결,15.7,1
I001055,2026-03-08 09:52:10,총무,구내식당 메뉴,10.0,1
I001222,2026-03-08 10:07:27,총무,주차,6.1,1
I001069,2026-03-08 10:55:34,인사,급여 문의,9.3,1
I001303,2026-03-08 11:38:34,전산,비밀번호 초기화,17.3,1
I001283,2026-03-08 11:40:20,전산,프로그램 설치,8.1,1
I001046,2026-03-08 11:46:34,전산,VPN 연결,11.0,1
I001266,2026-03-08 11:48:22,인사,연차 잔여일,9.8,1
I001077,2026-03-08 12:16:12,전산,VPN 연결,12.6,1
I001500,2026-03-08 12:16:51,총무,비품,9.1,1
I001387,2026-03-08 13:42:38,보안,보안 신고,13.8,1
I001162,2026-03-08 14:43:29,총무,주차,8.0,1
I001434,2026-03-08 16:14:58,인사,퇴직금,7.4,1
I001323,2026-03-08 16:49:09,전산,계정 잠금,15.9,1
I001413,2026-03-08 17:06:38,전산,계정 잠금,11.2,1
I001152,2026-03-08 19:17:45,전산,메일 오류,12.7,1
I001029,2026-03-09 09:30:08,전산,계정 잠금,11.8,1
I001302,2026-03-09 10:02:39,전산,인터넷 연결,14.6,1
I001368,2026-03-09 10:06:11,총무,주차,10.2,1
I001331,2026-03-09 10:15:05,인사,연차 잔여일,14.0,1
I001083,2026-03-09 11:03:07,인사,퇴직금,12.9,1
I001176,2026-03-09 11:25:24,법무,사내 규정,14.8,1
I001318,2026-03-09 12:23:25,총무,주차,6.5,1
I001269,2026-03-09 13:18:06,재무,출장비,10.9,1
I001376,2026-03-09 13:26:21,총무,사내 행사,11.5,1
I001181,2026-03-09 14:00:50,전산,메일 오류,12.4,1
I001057,2026-03-09 14:18:51,전산,VPN 연결,9.0,1
I001122,2026-03-09 14:42:23,전산,메일 오류,16.1,1
I001081,2026-03-09 14:59:25,인사,연차 잔여일,8.3,1
I001453,2026-03-09 17:24:20,총무,비품,8.7,1
I001209,2026-03-09 17:59:35,총무,비품,9.4,1
I001148,2026-03-09 18:14:58,재무,출장비,14.6,1
I001139,2026-03-09 19:08:32,전산,프로그램 설치,12.3,1
I001274,2026-03-09 19:16:23,전산,VPN 연결,12.2,0
I001008,2026-03-10 08:07:38,인사,퇴직금,8.0,1
I001089,2026-03-10 09:20:34,총무,회의실 예약,6.7,1
I001271,2026-03-10 10:16:20,재무,경비처리,11.0,1
I001495,2026-03-10 10:33:14,전산,PC 장애,15.3,1
I001051,2026-03-10 11:13:16,인사,재직증명서,10.6,1
I001151,2026-03-10 12:55:52,인사,퇴직금,10.0,1
I001461,2026-03-10 14:01:27,총무,주차,10.9,1
I001072,2026-03-10 14:19:07,전산,VPN 연결,15.2,0
I001028,2026-03-10 15:02:32,보안,보안 신고,10.1,1
I001267,2026-03-10 16:54:49,재무,경비처리,15.5,1
I001229,2026-03-10 19:28:52,전산,인터넷 연결,9.0,1
I001351,2026-03-10 19:35:28,전산,VPN 연결,8.3,1
I001475,2026-03-11 08:49:31,총무,주차,6.8,1
I001289,2026-03-11 09:09:49,전산,프로그램 설치,14.7,1
I001114,2026-03-11 09:59:06,전산,계정 잠금,17.3,1
I001309,2026-03-11 10:27:00,전산,VPN 연결,15.4,1
I001480,2026-03-11 12:18:56,전산,VPN 연결,15.0,1
I001437,2026-03-11 13:22:10,전산,비밀번호 초기화,8.1,1
I001210,2026-03-11 13:23:22,전산,계정 잠금,9.5,1
I001396,2026-03-11 15:23:01,보안,접근 통제,17.5,1
I001049,2026-03-11 15:51:19,재무,경비처리,10.1,1
I001182,2026-03-11 16:08:11,전산,비밀번호 초기화,14.2,1
I001086,2026-03-11 16:11:38,전산,메일 오류,11.9,1
I001127,2026-03-11 17:23:50,인사,복지,9.7,1
I001164,2026-03-11 18:05:12,전산,계정 잠금,12.3,1
I001448,2026-03-11 18:28:17,전산,VPN 연결,13.7,1
I001123,2026-03-12 11:37:39,보안,MFA 오류,15.2,1
I001020,2026-03-12 12:21:23,전산,메일 오류,15.3,0
I001293,2026-03-12 14:46:41,법무,개인정보 문의,18.1,1
I001021,2026-03-12 14:49:08,전산,비밀번호 초기화,14.5,1
I001166,2026-03-12 15:05:20,인사,퇴직금,14.5,1
I001107,2026-03-12 15:36:44,인사,출산휴가,14.4,1
I001316,2026-03-12 16:50:51,인사,출산휴가,14.2,1
I001317,2026-03-12 17:35:04,재무,출장비,11.5,1
I001080,2026-03-12 17:49:51,보안,MFA 오류,18.1,1
I001300,2026-03-12 17:50:23,인사,연차 잔여일,9.2,1
I001268,2026-03-12 18:20:43,전산,인터넷 연결,11.2,1
I001172,2026-03-13 08:40:15,재무,법인카드 정산,8.1,1
I001233,2026-03-13 11:20:28,전산,메일 오류,15.4,1
I001001,2026-03-13 13:47:12,인사,퇴직금,8.7,1
I001133,2026-03-13 15:24:13,전산,프로그램 설치,9.6,1
I001154,2026-03-13 15:38:23,전산,인터넷 연결,9.0,1
I001251,2026-03-13 16:23:34,전산,비밀번호 초기화,14.3,1
I001262,2026-03-13 17:36:56,법무,계약서 검토,21.0,1
I001398,2026-03-13 18:56:04,인사,연차 잔여일,8.6,1
I001328,2026-03-13 18:59:41,전산,프로그램 설치,12.6,1
I001250,2026-03-13 19:00:27,재무,경비처리,12.8,1
I001440,2026-03-13 19:49:31,전산,인터넷 연결,13.2,1
I001322,2026-03-13 19:52:40,전산,VPN 연결,15.7,1
I001153,2026-03-14 08:12:29,전산,VPN 연결,12.0,1
I001198,2026-03-14 08:41:18,인사,근태,11.0,1
I001040,2026-03-14 08:50:47,인사,복지,8.0,1
I001134,2026-03-14 09:03:17,전산,프로그램 설치,12.1,1
I001230,2026-03-14 09:40:45,재무,법인카드 정산,14.7,1
I001455,2026-03-14 09:41:26,전산,인터넷 연결,9.0,1
I001192,2026-03-14 12:00:23,전산,PC 장애,11.7,1
I001047,2026-03-14 14:02:13,총무,회의실 예약,8.6,1
I001451,2026-03-14 15:47:28,법무,계약서 검토,18.4,1
I001255,2026-03-14 17:11:30,보안,접근 통제,15.0,1
I001469,2026-03-14 17:11:48,총무,회의실 예약,5.6,1
I001037,2026-03-14 18:07:42,총무,구내식당 메뉴,6.1,1
I001362,2026-03-14 18:32:45,전산,인터넷 연결,15.5,1
I001353,2026-03-14 19:11:12,총무,사내 행사,8.8,1
I001128,2026-03-14 19:11:50,법무,개인정보 문의,18.7,1
I001199,2026-03-14 19:29:21,전산,VPN 연결,9.2,1
I001380,2026-03-14 19:30:26,전산,PC 장애,11.2,1
I001189,2026-03-14 19:52:22,총무,주차,5.3,1
I001106,2026-03-15 08:06:12,전산,비밀번호 초기화,10.2,1
I001499,2026-03-15 08:06:40,전산,계정 잠금,9.9,1
I001117,2026-03-15 08:24:12,재무,세금계산서,16.9,1
I001290,2026-03-15 10:45:20,총무,회의실 예약,9.2,1
I001409,2026-03-15 11:50:31,인사,재직증명서,12.0,1
I001012,2026-03-15 12:13:51,인사,재직증명서,9.1,1
I001370,2026-03-15 12:21:54,보안,권한 요청,19.2,0
I001463,2026-03-15 14:09:27,법무,계약서 검토,16.7,1
I001135,2026-03-15 14:30:39,보안,권한 요청,17.4,1
I001183,2026-03-15 15:46:21,전산,메일 오류,15.8,0
I001085,2026-03-15 16:20:42,전산,비밀번호 초기화,17.4,1
I001019,2026-03-15 16:30:58,법무,법률 문의,16.1,1
I001116,2026-03-15 17:01:40,전산,계정 잠금,16.5,1
I001225,2026-03-15 19:08:13,인사,퇴직금,14.7,1
I001498,2026-03-15 19:13:55,재무,경비처리,14.5,1
I001024,2026-03-15 19:21:53,전산,프로그램 설치,10.7,1
I001036,2026-03-16 08:21:09,재무,세금계산서,10.9,1
I001422,2026-03-16 09:01:24,인사,복지,9.7,1
I001068,2026-03-16 09:25:16,보안,보안 신고,17.9,0
I001472,2026-03-16 10:25:46,전산,비밀번호 초기화,13.9,1
I001196,2026-03-16 10:27:16,인사,복지,8.3,1
I001384,2026-03-16 11:10:01,법무,법률 문의,18.3,1
I001361,2026-03-16 11:24:18,보안,보안 신고,12.0,1
I001006,2026-03-16 11:42:12,전산,계정 잠금,8.9,1
I001343,2026-03-16 12:17:12,인사,출산휴가,9.0,1
I001488,2026-03-16 13:27:23,총무,회의실 예약,11.5,1
I001099,2026-03-16 14:03:27,보안,권한 요청,15.0,1
I001079,2026-03-16 14:56:20,인사,재직증명서,8.8,1
I001284,2026-03-16 15:04:20,전산,비밀번호 초기화,15.4,1
I001327,2026-03-16 16:23:36,전산,PC 장애,11.5,0
I001275,2026-03-16 16:28:40,법무,개인정보 문의,23.4,1
I001270,2026-03-16 16:40:39,인사,연차 잔여일,10.6,1
I001155,2026-03-16 16:57:14,전산,VPN 연결,11.1,1
I001245,2026-03-16 18:16:37,인사,급여 문의,14.6,1
I001023,2026-03-16 18:24:32,전산,계정 잠금,13.6,1
I001356,2026-03-16 18:35:50,인사,퇴직금,14.9,1
I001494,2026-03-16 18:44:19,전산,PC 장애,11.9,1
I001445,2026-03-16 19:23:29,전산,계정 잠금,11.9,1
I001256,2026-03-16 19:54:13,전산,프로그램 설치,10.1,1
I001211,2026-03-17 10:30:01,인사,퇴직금,11.8,1
I001258,2026-03-17 11:39:58,전산,인터넷 연결,10.5,1
I001238,2026-03-17 11:43:04,총무,구내식당 메뉴,11.3,1
I001493,2026-03-17 12:16:02,인사,급여 문의,12.8,1
I001382,2026-03-17 12:23:42,재무,출장비,9.2,1
I001385,2026-03-17 13:05:45,인사,퇴직금,7.7,1
I001111,2026-03-17 13:35:01,전산,인터넷 연결,11.8,1
I001160,2026-03-17 14:48:30,법무,법률 문의,14.6,1
I001146,2026-03-17 15:04:01,전산,메일 오류,14.1,1
I001378,2026-03-17 15:08:34,전산,메일 오류,16.4,1
I001010,2026-03-17 15:52:01,전산,인터넷 연결,16.1,1
I001489,2026-03-17 16:09:01,전산,인터넷 연결,16.9,1
I001399,2026-03-17 16:14:23,재무,세금계산서,16.5,1
I001458,2026-03-17 16:29:09,전산,프로그램 설치,12.3,1
I001214,2026-03-17 18:10:52,전산,VPN 연결,8.9,1
I001397,2026-03-17 19:29:52,보안,권한 요청,12.1,1
I001076,2026-03-18 08:35:44,전산,계정 잠금,15.8,1
I001194,2026-03-18 09:25:35,전산,메일 오류,9.1,1
I001326,2026-03-18 11:36:41,법무,개인정보 문의,22.3,0
I001474,2026-03-18 12:00:45,전산,VPN 연결,13.7,1
I001034,2026-03-18 17:01:20,법무,사내 규정,23.9,1
I001468,2026-03-18 17:05:34,총무,주차,8.7,1
I001142,2026-03-18 18:00:13,인사,급여 문의,11.0,1
I001263,2026-03-18 19:03:16,전산,VPN 연결,9.3,1
I001288,2026-03-18 19:20:02,전산,PC 장애,14.7,1
I001207,2026-03-18 19:34:51,전산,비밀번호 초기화,17.5,1
I001247,2026-03-18 19:51:09,인사,재직증명서,14.2,1
I001039,2026-03-19 08:07:31,보안,접근 통제,10.6,1
I001220,2026-03-19 08:42:43,전산,PC 장애,15.8,1
I001121,2026-03-19 12:41:33,인사,복지,11.6,1
I001360,2026-03-19 12:48:38,총무,주차,11.6,1
I001308,2026-03-19 14:15:00,전산,프로그램 설치,11.7,1
I001236,2026-03-19 14:55:36,전산,PC 장애,10.2,1
I001094,2026-03-19 17:11:19,전산,프로그램 설치,16.3,1
I001497,2026-03-19 18:07:36,총무,비품,7.0,1
I001197,2026-03-19 18:43:27,보안,보안 신고,19.4,1
I001295,2026-03-19 19:45:08,전산,인터넷 연결,9.2,1
I001429,2026-03-20 08:01:03,법무,개인정보 문의,13.5,1
I001108,2026-03-20 09:07:58,법무,사내 규정,14.3,1
I001333,2026-03-20 09:28:36,전산,VPN 연결,10.3,1
I001087,2026-03-20 10:29:44,총무,회의실 예약,5.5,1
I001149,2026-03-20 12:43:23,인사,퇴직금,9.0,1
I001330,2026-03-20 13:13:01,인사,근태,12.0,1
I001319,2026-03-20 13:57:35,인사,급여 문의,11.3,1
I001277,2026-03-20 14:43:14,전산,VPN 연결,9.6,1
I001315,2026-03-20 14:46:20,전산,계정 잠금,8.5,1
I001030,2026-03-20 15:18:21,전산,프로그램 설치,13.9,1
I001026,2026-03-20 15:39:23,전산,계정 잠금,14.6,1
I001407,2026-03-20 15:55:13,인사,재직증명서,13.4,1
I001205,2026-03-20 16:31:04,인사,퇴직금,8.5,1
I001395,2026-03-20 17:22:50,법무,법률 문의,20.0,1
I001246,2026-03-20 19:00:04,보안,권한 요청,10.7,1
I001115,2026-03-20 19:01:57,재무,출장비,9.0,1
I001177,2026-03-21 09:14:55,재무,법인카드 정산,12.0,1
I001285,2026-03-21 09:24:51,전산,PC 장애,10.4,1
I001373,2026-03-21 09:30:34,보안,권한 요청,17.4,1
I001306,2026-03-21 10:01:34,인사,복지,10.7,1
I001056,2026-03-21 10:08:12,전산,PC 장애,12.5,1
I001078,2026-03-21 10:46:20,전산,인터넷 연결,13.6,1
I001424,2026-03-21 12:26:54,총무,사내 행사,11.0,1
I001369,2026-03-21 13:59:26,총무,주차,8.9,1
I001287,2026-03-21 14:50:53,재무,출장비,8.0,1
I001131,2026-03-21 14:59:38,전산,PC 장애,8.5,1
I001428,2026-03-21 15:36:11,인사,재직증명서,13.3,1
I001389,2026-03-21 16:14:46,전산,계정 잠금,9.7,1
I001066,2026-03-21 16:35:53,총무,사내 행사,11.0,1
I001425,2026-03-21 16:42:55,재무,세금계산서,8.1,1
I001457,2026-03-21 16:43:53,전산,계정 잠금,12.5,1
I001158,2026-03-21 16:46:57,전산,인터넷 연결,11.7,1
I001239,2026-03-21 17:40:39,법무,개인정보 문의,14.1,1
I001140,2026-03-21 18:28:22,법무,법률 문의,15.9,1
I001096,2026-03-21 18:40:36,전산,인터넷 연결,15.8,1
I001471,2026-03-21 19:44:58,전산,PC 장애,11.6,1
I001321,2026-03-21 19:52:37,인사,복지,9.0,1
I001391,2026-03-22 08:22:00,전산,인터넷 연결,12.3,1
I001063,2026-03-22 09:44:02,재무,경비처리,9.0,1
I001150,2026-03-22 10:10:35,재무,법인카드 정산,14.0,1
I001282,2026-03-22 11:01:43,전산,PC 장애,16.9,1
I001423,2026-03-22 12:50:55,인사,근태,8.6,1
I001483,2026-03-22 14:27:51,재무,경비처리,8.1,1
I001218,2026-03-22 15:40:13,재무,세금계산서,9.4,1
I001452,2026-03-22 17:22:49,재무,경비처리,9.1,1
I001235,2026-03-22 17:32:09,재무,세금계산서,10.3,1
I001377,2026-03-22 17:50:13,전산,비밀번호 초기화,15.8,1
I001104,2026-03-22 18:16:56,보안,접근 통제,16.5,1
I001097,2026-03-22 18:28:05,전산,인터넷 연결,15.4,1
I001241,2026-03-22 18:36:30,전산,메일 오류,8.2,1
I001191,2026-03-23 08:02:01,전산,비밀번호 초기화,18.0,0
I001232,2026-03-23 08:21:28,전산,VPN 연결,10.6,1
I001278,2026-03-23 09:58:48,인사,출산휴가,13.3,1
I001359,2026-03-23 11:39:46,전산,인터넷 연결,13.0,1
I001320,2026-03-23 12:03:05,전산,계정 잠금,14.9,1
I001004,2026-03-23 12:34:46,전산,계정 잠금,16.1,1
I001137,2026-03-23 15:54:14,인사,출산휴가,7.1,1
I001491,2026-03-23 17:34:30,보안,접근 통제,16.8,1
I001410,2026-03-23 19:44:34,전산,PC 장애,14.1,1
I001416,2026-03-24 08:24:27,재무,출장비,15.4,1
I001433,2026-03-24 08:48:33,전산,VPN 연결,16.3,1
I001347,2026-03-24 10:24:07,인사,퇴직금,10.4,1
I001175,2026-03-24 10:28:29,전산,VPN 연결,8.6,1
I001144,2026-03-24 11:59:43,총무,사내 행사,9.8,1
I001015,2026-03-24 12:14:41,재무,법인카드 정산,9.9,1
I001129,2026-03-24 12:30:46,전산,메일 오류,11.9,1
I001061,2026-03-24 13:12:30,인사,재직증명서,12.9,1
I001406,2026-03-24 13:35:38,재무,경비처리,17.0,1
I001261,2026-03-24 13:49:37,총무,주차,10.5,1
I001018,2026-03-24 15:25:17,재무,경비처리,10.1,1
I001430,2026-03-24 16:00:33,법무,개인정보 문의,13.1,1
I001167,2026-03-24 16:25:33,인사,재직증명서,8.3,1
I001136,2026-03-24 16:51:52,전산,메일 오류,8.5,1
I001171,2026-03-24 16:59:12,인사,퇴직금,13.1,1
I001156,2026-03-24 17:40:32,총무,구내식당 메뉴,11.8,1
I001178,2026-03-24 17:41:01,인사,재직증명서,10.6,1
I001141,2026-03-24 17:49:34,재무,세금계산서,15.7,0
I001367,2026-03-24 18:56:24,보안,접근 통제,15.6,1
I001237,2026-03-24 19:31:23,전산,프로그램 설치,8.0,1
I001074,2026-03-24 19:32:47,전산,인터넷 연결,17.8,1
I001447,2026-03-24 19:56:49,재무,경비처리,8.2,1
I001109,2026-03-25 08:25:03,재무,경비처리,16.0,1
I001005,2026-03-25 08:40:22,인사,연차 잔여일,11.1,1
I001394,2026-03-25 09:22:28,재무,출장비,12.2,1
I001292,2026-03-25 09:32:37,재무,출장비,9.6,1
I001456,2026-03-25 10:30:21,인사,출산휴가,13.3,1
I001223,2026-03-25 11:32:07,전산,메일 오류,12.7,1
I001125,2026-03-25 12:04:45,전산,VPN 연결,14.3,0
I001070,2026-03-25 12:36:04,총무,비품,10.2,1
I001064,2026-03-25 13:19:59,재무,세금계산서,10.8,1
I001479,2026-03-25 14:03:51,법무,법률 문의,17.8,1
I001414,2026-03-25 14:48:38,전산,인터넷 연결,16.6,1
I001454,2026-03-25 17:04:49,총무,주차,5.6,1
I001082,2026-03-25 19:07:41,인사,복지,13.6,1
I001119,2026-03-26 08:59:14,재무,경비처리,8.0,1
I001462,2026-03-26 09:07:16,전산,계정 잠금,17.6,1
I001095,2026-03-26 09:35:25,보안,접근 통제,13.1,1
I001338,2026-03-26 09:47:54,법무,개인정보 문의,15.1,1
I001105,2026-03-26 11:20:39,전산,VPN 연결,8.9,1
I001260,2026-03-26 11:59:46,인사,출산휴가,14.9,1
I001336,2026-03-26 12:06:45,인사,출산휴가,10.2,1
I001067,2026-03-26 13:48:49,전산,계정 잠금,14.7,1
I001091,2026-03-26 14:23:29,총무,사내 행사,5.9,1
I001354,2026-03-26 14:30:36,법무,사내 규정,22.8,1
I001459,2026-03-26 15:23:06,전산,프로그램 설치,8.9,1
I001045,2026-03-26 15:31:39,인사,복지,7.3,1
I001344,2026-03-26 15:48:27,법무,사내 규정,12.2,1
I001357,2026-03-26 15:48:38,전산,VPN 연결,10.4,1
I001098,2026-03-26 15:52:57,총무,회의실 예약,11.3,1
I001279,2026-03-26 16:08:59,전산,VPN 연결,17.1,1
I001400,2026-03-26 16:10:39,인사,재직증명서,8.7,1
I001075,2026-03-26 16:32:02,인사,출산휴가,12.9,1
I001349,2026-03-26 16:51:51,재무,세금계산서,14.0,1
I001143,2026-03-26 17:39:54,총무,회의실 예약,12.0,1
I001484,2026-03-26 18:09:54,전산,PC 장애,13.4,0
I001043,2026-03-26 18:51:06,총무,회의실 예약,8.7,1
I001298,2026-03-26 18:56:18,총무,비품,11.3,1
I001419,2026-03-27 08:26:22,전산,PC 장애,11.0,1
I001073,2026-03-27 09:52:23,인사,출산휴가,10.6,1
I001401,2026-03-27 10:07:30,인사,퇴직금,8.3,1
I001477,2026-03-27 10:41:43,인사,출산휴가,14.4,1
I001054,2026-03-27 11:05:38,인사,퇴직금,8.7,1
I001033,2026-03-27 11:12:06,전산,인터넷 연결,8.2,1
I001157,2026-03-27 11:13:28,전산,VPN 연결,9.3,1
I001432,2026-03-27 11:38:50,법무,개인정보 문의,22.0,1
I001297,2026-03-27 13:06:30,전산,메일 오류,8.3,1
I001224,2026-03-27 13:12:49,총무,구내식당 메뉴,6.1,1
I001339,2026-03-27 13:29:07,재무,경비처리,8.8,1
I001393,2026-03-27 13:56:17,보안,권한 요청,11.6,1
I001060,2026-03-27 14:37:27,전산,PC 장애,13.6,1
I001431,2026-03-27 15:14:12,총무,사내 행사,9.4,1
I001450,2026-03-27 15:25:57,재무,법인카드 정산,14.9,1
I001007,2026-03-27 15:38:00,총무,사내 행사,6.9,1
I001464,2026-03-27 16:24:27,전산,프로그램 설치,8.4,1
I001364,2026-03-27 17:24:25,인사,근태,8.3,1
I001372,2026-03-27 18:30:05,전산,인터넷 연결,8.3,1
I001311,2026-03-28 10:24:00,전산,PC 장애,8.1,1
I001025,2026-03-28 10:29:03,전산,인터넷 연결,8.5,1
I001093,2026-03-28 10:41:16,전산,계정 잠금,11.7,1
I001184,2026-03-28 10:47:16,전산,비밀번호 초기화,15.0,1
I001411,2026-03-28 11:02:12,전산,메일 오류,11.5,1
I001299,2026-03-28 11:04:34,인사,출산휴가,10.0,1
I001441,2026-03-28 12:26:54,인사,퇴직금,8.3,1
I001027,2026-03-28 13:28:09,전산,프로그램 설치,12.1,1
I001313,2026-03-28 13:58:47,전산,PC 장애,17.6,1
I001161,2026-03-28 15:08:15,인사,출산휴가,9.5,1
I001084,2026-03-28 16:25:10,재무,세금계산서,15.7,1
I001374,2026-03-28 17:02:07,총무,회의실 예약,7.7,1
I001003,2026-03-28 17:56:29,인사,급여 문의,7.9,1
I001174,2026-03-28 18:45:18,전산,비밀번호 초기화,17.0,1
I001329,2026-03-28 19:10:02,법무,계약서 검토,14.3,1
I001335,2026-03-29 13:32:28,보안,접근 통제,11.8,1
I001442,2026-03-29 13:58:29,인사,재직증명서,8.1,1
I001487,2026-03-29 15:17:54,인사,근태,13.3,1
I001420,2026-03-29 16:55:20,재무,법인카드 정산,9.0,1
I001310,2026-03-29 17:32:10,전산,메일 오류,12.5,1
I001390,2026-03-29 17:46:13,인사,복지,9.5,1
I001443,2026-03-29 18:38:06,전산,VPN 연결,15.0,1
I001492,2026-03-30 08:08:52,총무,비품,11.8,1
I001203,2026-03-30 10:35:51,재무,출장비,10.7,1
I001348,2026-03-30 10:36:28,보안,권한 요청,11.9,1
I001337,2026-03-30 11:37:40,전산,계정 잠금,14.1,1
I001100,2026-03-30 12:20:09,인사,복지,12.7,1
I001165,2026-03-30 13:20:20,재무,출장비,12.0,1
I001221,2026-03-30 14:57:04,전산,인터넷 연결,11.7,1
I001248,2026-03-30 15:01:08,보안,보안 신고,10.3,0
I001243,2026-03-30 15:57:22,보안,보안 신고,10.8,1
I001071,2026-03-30 16:20:20,전산,비밀번호 초기화,9.8,1
I001415,2026-03-30 16:46:18,전산,PC 장애,17.1,1
I001009,2026-03-30 17:20:05,인사,복지,7.5,1
I001202,2026-03-30 17:23:33,인사,재직증명서,7.1,1
I001358,2026-03-30 18:19:11,총무,회의실 예약,5.6,1
I001281,2026-03-30 18:21:32,법무,계약서 검토,22.5,1
I001193,2026-03-30 18:35:25,전산,계정 잠금,13.3,1
I001427,2026-03-30 18:45:17,총무,비품,10.4,1
I001254,2026-03-30 19:21:28,총무,구내식당 메뉴,11.1,1
I001253,2026-03-31 08:01:28,법무,개인정보 문의,19.2,1
I001201,2026-03-31 09:01:55,재무,법인카드 정산,12.0,1
I001059,2026-03-31 09:12:17,전산,PC 장애,10.8,1
I001490,2026-03-31 11:28:50,법무,사내 규정,14.9,1
I001103,2026-03-31 12:31:11,전산,PC 장애,14.9,1
I001168,2026-03-31 12:43:06,재무,법인카드 정산,14.3,1
I001355,2026-03-31 12:59:14,재무,경비처리,15.7,1
I001467,2026-03-31 13:00:49,인사,급여 문의,9.0,1
I001038,2026-03-31 13:31:52,전산,비밀번호 초기화,8.8,1
I001228,2026-03-31 14:15:08,전산,VPN 연결,9.4,1
I001365,2026-03-31 14:27:49,재무,출장비,9.0,1
I001052,2026-03-31 15:08:51,전산,인터넷 연결,16.8,1
I001204,2026-03-31 16:50:04,전산,계정 잠금,14.8,1
I001163,2026-03-31 18:23:51,재무,경비처리,9.6,1
I001190,2026-03-31 18:27:02,전산,메일 오류,14.5,1
I001217,2026-03-31 19:45:51,재무,세금계산서,10.7,1
I001792,2026-04-01 09:08:36,총무,회의실 예약,6.1,1
I001929,2026-04-01 10:53:53,재무,경비처리,9.8,1
I001882,2026-04-01 12:07:09,인사,재직증명서,10.4,1
I001880,2026-04-01 12:31:53,보안,보안 신고,10.0,1
I001861,2026-04-01 15:07:04,인사,출산휴가,11.9,1
I001562,2026-04-01 16:06:10,전산,계정 잠금,16.3,1
I001733,2026-04-01 16:17:23,인사,연차 잔여일,13.5,1
I001752,2026-04-01 18:14:05,전산,계정 잠금,9.9,1
I001841,2026-04-01 18:39:43,보안,보안 신고,14.3,1
I001525,2026-04-01 18:57:21,인사,연차 잔여일,7.9,1
I001537,2026-04-01 19:00:08,전산,PC 장애,9.0,1
I001504,2026-04-01 19:04:45,재무,출장비,16.5,1
I001766,2026-04-01 19:06:25,법무,사내 규정,15.0,1
I001704,2026-04-01 19:14:02,총무,비품,6.4,1
I001898,2026-04-02 09:03:27,인사,근태,11.9,1
I001526,2026-04-02 09:09:34,전산,계정 잠금,13.9,1
I001619,2026-04-02 09:12:54,인사,연차 잔여일,11.5,1
I001680,2026-04-02 10:51:54,인사,출산휴가,11.8,1
I001903,2026-04-02 11:10:33,전산,인터넷 연결,8.1,1
I001913,2026-04-02 11:24:05,전산,비밀번호 초기화,14.5,1
I001546,2026-04-02 12:29:43,전산,프로그램 설치,16.2,1
I001967,2026-04-02 13:01:03,전산,인터넷 연결,16.2,1
I001829,2026-04-02 13:22:48,총무,구내식당 메뉴,7.1,1
I001794,2026-04-02 13:25:17,전산,프로그램 설치,11.2,1
I001701,2026-04-02 14:10:59,전산,메일 오류,9.2,1
I001751,2026-04-02 15:01:04,전산,인터넷 연결,16.5,1
I001745,2026-04-02 15:23:02,보안,권한 요청,17.4,0
I001601,2026-04-02 16:46:41,전산,VPN 연결,17.0,1
I001942,2026-04-02 16:47:22,인사,출산휴가,10.1,1
I001769,2026-04-02 17:24:49,전산,메일 오류,10.4,1
I001648,2026-04-02 18:27:51,총무,사내 행사,7.1,1
I001545,2026-04-02 19:10:53,전산,비밀번호 초기화,17.3,1
I001549,2026-04-02 19:19:45,전산,프로그램 설치,15.6,1
I001900,2026-04-02 19:29:45,법무,개인정보 문의,12.4,1
I001505,2026-04-03 08:10:51,총무,구내식당 메뉴,12.0,1
I001767,2026-04-03 11:36:02,재무,세금계산서,12.1,1
I001781,2026-04-03 11:39:32,총무,주차,7.6,1
I001510,2026-04-03 13:18:23,인사,근태,10.3,1
I001867,2026-04-03 13:18:37,법무,개인정보 문의,20.5,1
I001746,2026-04-03 13:25:12,전산,메일 오류,14.5,1
I001728,2026-04-03 14:13:29,인사,출산휴가,11.1,1
I001932,2026-04-03 16:35:26,전산,프로그램 설치,9.2,1
I001639,2026-04-03 16:49:16,재무,세금계산서,10.2,1
I001874,2026-04-03 17:54:38,전산,비밀번호 초기화,12.9,1
I001548,2026-04-03 18:32:18,전산,인터넷 연결,8.2,1
I001846,2026-04-04 08:54:19,인사,근태,8.7,0
I001624,2026-04-04 09:16:45,재무,세금계산서,15.5,1
I001817,2026-04-04 11:14:51,인사,급여 문의,9.8,1
I001610,2026-04-04 12:40:40,보안,보안 신고,18.4,1
I001677,2026-04-04 12:42:48,법무,법률 문의,13.5,1
I001540,2026-04-04 13:20:21,법무,법률 문의,23.7,1
I001632,2026-04-04 13:25:19,전산,PC 장애,15.7,1
I001797,2026-04-04 14:15:55,전산,VPN 연결,17.7,1
I001877,2026-04-04 14:57:36,인사,근태,10.1,1
I001848,2026-04-04 15:02:18,전산,프로그램 설치,17.5,1
I001907,2026-04-04 15:07:47,전산,인터넷 연결,17.1,1
I001780,2026-04-04 16:05:59,전산,프로그램 설치,16.3,1
I001868,2026-04-04 16:46:06,전산,프로그램 설치,11.3,0
I001770,2026-04-04 16:54:11,인사,퇴직금,7.1,1
I001567,2026-04-04 17:55:38,재무,법인카드 정산,13.4,1
I001812,2026-04-04 18:47:52,전산,VPN 연결,12.3,1
I001589,2026-04-04 18:51:33,인사,근태,7.8,1
I001759,2026-04-04 18:54:01,보안,MFA 오류,22.0,1
I001609,2026-04-04 19:48:08,보안,접근 통제,13.6,1
I001954,2026-04-05 10:50:14,전산,PC 장애,11.8,1
I001896,2026-04-05 11:01:05,재무,출장비,15.0,1
I001582,2026-04-05 13:21:57,인사,급여 문의,13.7,1
I001881,2026-04-05 13:24:19,전산,인터넷 연결,14.6,1
I001776,2026-04-05 13:43:03,인사,출산휴가,8.5,1
I001684,2026-04-05 15:39:55,법무,개인정보 문의,23.1,1
I001991,2026-04-05 17:05:52,전산,계정 잠금,17.3,1
I001730,2026-04-05 17:17:43,인사,퇴직금,9.0,1
I001713,2026-04-05 18:27:11,전산,비밀번호 초기화,12.4,1
I001691,2026-04-05 18:43:36,법무,계약서 검토,19.8,1
I001916,2026-04-05 19:54:52,전산,비밀번호 초기화,17.4,1
I001741,2026-04-06 09:00:21,전산,비밀번호 초기화,9.8,1
I001785,2026-04-06 10:15:10,총무,회의실 예약,9.6,1
I001837,2026-04-06 11:14:52,재무,출장비,9.6,1
I001905,2026-04-06 11:23:13,재무,법인카드 정산,14.1,1
I001555,2026-04-06 11:23:45,전산,비밀번호 초기화,8.2,1
I001679,2026-04-06 12:51:39,인사,출산휴가,13.9,1
I001843,2026-04-06 12:52:32,인사,출산휴가,14.5,1
I001894,2026-04-06 13:13:50,인사,급여 문의,11.6,1
I001678,2026-04-06 13:38:15,인사,퇴직금,7.6,1
I001530,2026-04-06 15:38:13,인사,근태,8.2,0
I001699,2026-04-06 16:56:05,법무,계약서 검토,15.6,1
I001659,2026-04-06 17:01:44,인사,근태,12.0,1
I001729,2026-04-06 17:14:01,전산,메일 오류,12.1,1
I001772,2026-04-06 18:40:48,총무,주차,6.7,1
I001550,2026-04-07 08:17:24,인사,재직증명서,10.6,1
I001708,2026-04-07 09:21:08,인사,퇴직금,9.3,1
I001534,2026-04-07 09:23:23,전산,인터넷 연결,12.8,1
I001933,2026-04-07 09:34:19,보안,MFA 오류,14.4,1
I001891,2026-04-07 10:25:11,전산,메일 오류,11.5,1
I001641,2026-04-07 10:45:28,인사,출산휴가,14.8,1
I001736,2026-04-07 12:16:28,총무,사내 행사,8.5,0
I001782,2026-04-07 12:32:02,인사,출산휴가,10.8,1
I001985,2026-04-07 12:43:34,전산,인터넷 연결,8.1,1
I001806,2026-04-07 13:04:57,전산,PC 장애,14.8,1
I001532,2026-04-07 14:09:27,인사,근태,13.3,1
I001719,2026-04-07 14:18:38,전산,메일 오류,8.5,1
I001531,2026-04-07 14:19:01,인사,출산휴가,13.7,1
I001943,2026-04-07 15:29:41,인사,퇴직금,14.1,1
I001618,2026-04-07 15:42:35,보안,MFA 오류,17.7,1
I001615,2026-04-07 15:49:26,보안,MFA 오류,21.4,1
I001995,2026-04-07 15:58:51,인사,출산휴가,8.5,1
I001892,2026-04-07 16:02:10,총무,구내식당 메뉴,10.6,1
I001865,2026-04-07 16:23:28,법무,법률 문의,14.6,1
I001911,2026-04-07 16:24:20,전산,프로그램 설치,11.6,1
I001599,2026-04-07 16:32:53,전산,메일 오류,10.3,1
I001777,2026-04-07 16:48:39,총무,사내 행사,9.6,1
I001866,2026-04-07 16:55:18,인사,퇴직금,14.8,1
I001585,2026-04-07 18:14:43,전산,PC 장애,16.8,1
I001544,2026-04-07 19:14:39,재무,경비처리,10.2,1
I001563,2026-04-08 08:02:55,총무,주차,5.8,1
I001656,2026-04-08 08:35:41,전산,비밀번호 초기화,17.1,1
I001854,2026-04-08 09:27:28,인사,근태,12.3,1
I001553,2026-04-08 10:20:39,총무,사내 행사,7.5,1
I001737,2026-04-08 10:55:52,보안,MFA 오류,16.4,1
I001819,2026-04-08 12:04:07,인사,출산휴가,11.7,1
I001879,2026-04-08 12:31:08,전산,프로그램 설치,10.7,1
I001621,2026-04-08 14:01:06,전산,인터넷 연결,9.5,1
I001816,2026-04-08 14:05:09,전산,VPN 연결,13.3,1
I001873,2026-04-08 14:34:50,총무,비품,9.7,1
I001508,2026-04-08 14:49:00,법무,개인정보 문의,12.8,1
I001795,2026-04-08 17:07:05,전산,VPN 연결,11.2,1
I001969,2026-04-08 17:19:15,총무,회의실 예약,7.5,1
I001845,2026-04-08 19:46:46,인사,급여 문의,7.1,1
I001626,2026-04-08 19:46:55,총무,구내식당 메뉴,10.8,1
I001915,2026-04-09 08:40:13,전산,계정 잠금,12.9,1
I001997,2026-04-09 10:25:20,인사,출산휴가,13.8,1
I001850,2026-04-09 10:31:57,전산,VPN 연결,8.9,1
I001823,2026-04-09 10:32:23,총무,비품,8.6,1
I001852,2026-04-09 10:35:29,전산,비밀번호 초기화,9.8,1
I001982,2026-04-09 11:21:45,전산,VPN 연결,16.0,1
I001959,2026-04-09 12:21:28,전산,PC 장애,15.8,1
I001835,2026-04-09 12:49:07,전산,비밀번호 초기화,16.7,1
I001686,2026-04-09 13:43:44,재무,법인카드 정산,15.0,1
I001533,2026-04-09 14:18:04,인사,근태,10.8,1
I001870,2026-04-09 14:30:15,전산,VPN 연결,10.0,1
I001669,2026-04-09 15:09:27,전산,VPN 연결,12.0,1
I001860,2026-04-09 15:15:23,전산,PC 장애,17.7,1
I001595,2026-04-09 15:33:41,인사,급여 문의,8.0,1
I001591,2026-04-09 15:45:02,인사,복지,12.9,1
I001831,2026-04-09 16:52:44,인사,연차 잔여일,12.1,1
I001800,2026-04-09 18:15:14,인사,재직증명서,9.7,1
I001988,2026-04-09 18:43:24,보안,권한 요청,16.7,1
I001801,2026-04-09 18:47:17,보안,권한 요청,10.4,1
I001623,2026-04-09 19:09:42,총무,사내 행사,8.5,1
I001694,2026-04-09 19:30:04,인사,퇴직금,11.0,1
I001779,2026-04-10 08:27:01,총무,비품,10.2,1
I001613,2026-04-10 10:53:47,인사,근태,10.5,1
I001883,2026-04-10 10:59:51,재무,법인카드 정산,10.7,1
I001956,2026-04-10 11:28:13,인사,연차 잔여일,8.0,1
I001702,2026-04-10 11:37:24,전산,프로그램 설치,12.4,1
I001847,2026-04-10 13:00:38,인사,근태,13.0,1
I001986,2026-04-10 13:44:38,전산,메일 오류,15.5,1
I001760,2026-04-10 14:07:05,총무,구내식당 메뉴,11.1,1
I001681,2026-04-10 14:30:02,법무,계약서 검토,20.1,1
I001523,2026-04-10 15:19:28,전산,인터넷 연결,14.4,1
I001950,2026-04-10 15:49:33,재무,법인카드 정산,11.2,1
I001805,2026-04-10 15:55:43,총무,회의실 예약,7.7,1
I001755,2026-04-10 16:42:50,인사,재직증명서,13.1,1
I001658,2026-04-10 18:53:24,인사,급여 문의,7.4,1
I001743,2026-04-11 08:37:50,전산,계정 잠금,15.2,1
I001583,2026-04-11 09:46:49,재무,세금계산서,13.7,1
I001844,2026-04-11 10:18:56,법무,법률 문의,20.6,1
I001754,2026-04-11 11:56:57,재무,출장비,13.7,1
I001944,2026-04-11 12:28:48,전산,계정 잠금,12.6,1
I001811,2026-04-11 12:56:08,전산,메일 오류,12.4,1
I001828,2026-04-11 12:57:48,보안,권한 요청,21.9,1
I001696,2026-04-11 14:48:26,전산,계정 잠금,9.5,1
I001899,2026-04-11 14:53:31,전산,계정 잠금,13.5,1
I001509,2026-04-11 15:32:46,인사,퇴직금,8.7,1
I001521,2026-04-11 16:04:57,전산,VPN 연결,11.1,1
I001953,2026-04-11 17:13:37,법무,개인정보 문의,13.0,1
I001607,2026-04-12 10:55:52,재무,세금계산서,13.6,1
I001605,2026-04-12 12:26:07,총무,회의실 예약,5.9,1
I001670,2026-04-12 15:03:02,전산,PC 장애,16.5,1
I001517,2026-04-12 16:24:30,전산,프로그램 설치,15.3,1
I001921,2026-04-12 16:40:20,전산,계정 잠금,13.8,1
I001576,2026-04-12 17:11:57,총무,회의실 예약,9.2,1
I001703,2026-04-12 17:42:11,보안,MFA 오류,10.3,1
I001918,2026-04-12 18:58:28,총무,주차,9.9,1
I001565,2026-04-12 19:11:35,총무,회의실 예약,9.0,1
I001765,2026-04-12 19:27:17,전산,인터넷 연결,14.9,1
I001578,2026-04-13 08:50:11,인사,근태,12.0,1
I001520,2026-04-13 09:59:02,인사,급여 문의,7.4,1
I001964,2026-04-13 10:10:54,법무,계약서 검토,24.0,1
I001660,2026-04-13 10:24:18,재무,세금계산서,13.0,1
I001778,2026-04-13 11:02:17,전산,메일 오류,8.2,1
I001762,2026-04-13 12:48:53,총무,비품,8.0,1
I001671,2026-04-13 13:22:10,전산,메일 오류,17.4,1
I001937,2026-04-13 14:17:19,인사,근태,12.6,1
I001902,2026-04-13 14:30:09,전산,PC 장애,9.4,1
I001594,2026-04-13 15:19:57,보안,MFA 오류,16.1,1
I001996,2026-04-13 15:22:43,총무,구내식당 메뉴,6.8,1
I001602,2026-04-13 15:43:34,인사,출산휴가,13.8,1
I001559,2026-04-13 17:05:42,인사,연차 잔여일,9.1,1
I001919,2026-04-13 18:54:18,인사,연차 잔여일,8.3,1
I001552,2026-04-13 19:05:01,인사,복지,10.7,1
I001965,2026-04-14 08:19:54,인사,출산휴가,10.0,1
I001810,2026-04-14 09:01:57,재무,출장비,10.2,1
I001970,2026-04-14 09:43:59,전산,메일 오류,16.3,1
I001856,2026-04-14 09:48:23,인사,연차 잔여일,8.4,1
I001756,2026-04-14 10:33:44,전산,프로그램 설치,16.8,1
I001872,2026-04-14 11:18:56,전산,프로그램 설치,8.4,1
I001503,2026-04-14 11:34:56,전산,비밀번호 초기화,14.2,1
I001774,2026-04-14 12:43:06,재무,세금계산서,16.1,1
I001830,2026-04-14 13:33:41,법무,법률 문의,20.2,1
I001897,2026-04-14 14:42:13,인사,급여 문의,13.4,1
I001825,2026-04-14 15:19:34,전산,프로그램 설치,10.7,1
I001842,2026-04-14 15:50:23,재무,경비처리,14.1,1
I001948,2026-04-14 16:26:33,재무,법인카드 정산,15.6,1
I001513,2026-04-14 17:30:08,총무,주차,11.5,1
I001939,2026-04-14 18:02:55,보안,MFA 오류,14.5,1
I001587,2026-04-14 18:04:34,총무,사내 행사,8.4,1
I001966,2026-04-14 18:25:01,법무,사내 규정,14.8,1
I001506,2026-04-14 18:37:38,총무,구내식당 메뉴,8.6,1
I001876,2026-04-14 19:29:42,전산,VPN 연결,8.7,1
I001757,2026-04-15 08:56:33,보안,보안 신고,18.0,1
I001535,2026-04-15 09:59:05,전산,메일 오류,17.5,1
I001775,2026-04-15 10:59:13,보안,접근 통제,21.7,1
I001822,2026-04-15 12:41:17,총무,구내식당 메뉴,10.8,1
I001824,2026-04-15 15:38:41,재무,세금계산서,8.9,1
I001600,2026-04-15 19:21:07,인사,재직증명서,13.0,1
I001642,2026-04-16 08:05:16,법무,계약서 검토,23.6,1
I001941,2026-04-16 09:01:17,총무,회의실 예약,7.7,1
I001923,2026-04-16 09:03:20,전산,PC 장애,13.8,1
I001722,2026-04-16 09:45:51,전산,VPN 연결,15.3,0
I001849,2026-04-16 10:12:30,재무,법인카드 정산,12.2,1
I001688,2026-04-16 11:58:36,총무,사내 행사,5.9,1
I001747,2026-04-16 12:14:07,재무,경비처리,16.0,1
I001580,2026-04-16 12:17:37,인사,급여 문의,10.1,1
I002000,2026-04-16 13:33:32,전산,PC 장애,12.6,1
I001799,2026-04-16 14:03:48,법무,법률 문의,20.5,1
I001590,2026-04-16 15:21:08,전산,계정 잠금,18.0,1
I001687,2026-04-16 15:39:31,총무,회의실 예약,7.5,1
I001864,2026-04-16 15:49:07,법무,법률 문의,16.6,1
I001569,2026-04-16 16:16:26,전산,PC 장애,15.9,1
I001818,2026-04-16 16:50:23,전산,VPN 연결,13.0,1
I001647,2026-04-16 16:54:50,보안,MFA 오류,21.6,1
I001735,2026-04-16 17:15:26,법무,개인정보 문의,22.9,0
I001663,2026-04-16 17:41:20,전산,비밀번호 초기화,16.1,1
I001833,2026-04-16 18:15:00,전산,인터넷 연결,9.1,1
I001895,2026-04-16 19:39:43,재무,세금계산서,15.2,1
I001771,2026-04-17 08:10:52,전산,비밀번호 초기화,10.0,1
I001914,2026-04-17 08:29:28,법무,계약서 검토,20.5,1
I001636,2026-04-17 10:00:49,전산,프로그램 설치,11.9,1
I001596,2026-04-17 11:00:56,총무,비품,11.7,1
I001827,2026-04-17 12:35:47,총무,비품,7.8,1
I001711,2026-04-17 13:09:43,전산,프로그램 설치,15.2,1
I001984,2026-04-17 15:07:47,보안,접근 통제,19.5,1
I001992,2026-04-17 15:31:05,법무,계약서 검토,17.5,1
I001815,2026-04-17 15:50:09,전산,VPN 연결,17.2,1
I001655,2026-04-17 16:00:43,재무,출장비,8.5,1
I001886,2026-04-17 16:12:20,전산,인터넷 연결,17.4,1
I001980,2026-04-17 19:27:18,인사,퇴직금,14.3,1
I001560,2026-04-17 19:31:20,전산,VPN 연결,9.2,1
I001554,2026-04-18 08:02:56,인사,출산휴가,11.1,1
I001573,2026-04-18 08:33:00,재무,세금계산서,13.5,1
I001931,2026-04-18 08:36:41,보안,MFA 오류,10.7,1
I001538,2026-04-18 08:59:01,재무,세금계산서,9.5,1
I001893,2026-04-18 09:30:32,전산,프로그램 설치,12.0,1
I001593,2026-04-18 09:56:14,재무,세금계산서,11.5,1
I001612,2026-04-18 11:02:35,인사,재직증명서,10.2,1
I001742,2026-04-18 11:29:33,전산,VPN 연결,10.2,1
I001668,2026-04-18 11:32:45,재무,출장비,11.4,1
I001568,2026-04-18 11:50:51,총무,주차,8.6,1
I001721,2026-04-18 11:55:25,보안,접근 통제,11.1,1
I001657,2026-04-18 11:56:38,재무,경비처리,14.6,1
I001716,2026-04-18 12:11:27,전산,계정 잠금,14.8,1
I001727,2026-04-18 14:19:20,인사,급여 문의,9.8,1
I001981,2026-04-18 15:02:53,법무,계약서 검토,21.0,0
I001724,2026-04-18 15:08:33,총무,회의실 예약,11.8,1
I001502,2026-04-18 15:40:51,인사,퇴직금,13.1,1
I001515,2026-04-18 15:45:44,재무,법인카드 정산,14.0,1
I001661,2026-04-18 15:57:03,총무,주차,11.3,1
I001832,2026-04-18 16:15:02,인사,연차 잔여일,7.3,1
I001608,2026-04-18 16:15:49,전산,메일 오류,8.6,1
I001889,2026-04-18 17:38:06,전산,PC 장애,16.0,1
I001734,2026-04-18 18:38:38,인사,연차 잔여일,14.9,1
I001955,2026-04-18 19:32:04,보안,MFA 오류,15.1,1
I001783,2026-04-19 08:06:05,인사,출산휴가,10.4,0
I001925,2026-04-19 08:16:46,재무,법인카드 정산,8.8,1
I001773,2026-04-19 08:36:37,총무,사내 행사,5.7,1
I001920,2026-04-19 08:53:05,인사,출산휴가,10.1,1
I001840,2026-04-19 09:48:03,인사,연차 잔여일,12.0,1
I001788,2026-04-19 11:16:36,재무,출장비,16.2,1
I001750,2026-04-19 11:30:06,인사,출산휴가,8.9,1
I001566,2026-04-19 14:14:06,전산,계정 잠금,12.7,1
I001712,2026-04-19 15:06:15,재무,법인카드 정산,8.1,1
I001588,2026-04-19 15:07:12,인사,퇴직금,14.9,1
I001539,2026-04-19 16:09:22,인사,복지,9.9,1
I001698,2026-04-19 16:10:23,전산,메일 오류,14.9,1
I001963,2026-04-19 16:42:15,총무,구내식당 메뉴,11.9,1
I001577,2026-04-19 16:55:07,인사,근태,12.4,1
I001962,2026-04-19 19:29:35,인사,복지,10.6,1
I001718,2026-04-20 08:50:08,전산,메일 오류,9.0,1
I001633,2026-04-20 10:30:14,재무,경비처리,13.9,1
I001705,2026-04-20 11:37:28,인사,퇴직금,7.4,1
I001790,2026-04-20 13:25:06,전산,비밀번호 초기화,8.4,1
I001787,2026-04-20 16:03:55,총무,회의실 예약,7.5,1
I001808,2026-04-20 18:42:03,재무,법인카드 정산,16.3,1
I001789,2026-04-21 08:41:55,인사,퇴직금,7.0,1
I001857,2026-04-21 08:44:31,전산,계정 잠금,14.2,1
I001951,2026-04-21 09:13:01,법무,계약서 검토,18.5,1
I001556,2026-04-21 09:33:37,전산,계정 잠금,14.7,1
I001522,2026-04-21 09:49:34,보안,권한 요청,11.7,1
I001732,2026-04-21 11:03:30,전산,프로그램 설치,12.6,1
I001689,2026-04-21 11:26:41,전산,비밀번호 초기화,12.1,1
I001998,2026-04-21 11:57:55,전산,비밀번호 초기화,17.0,1
I001709,2026-04-21 12:09:12,보안,보안 신고,21.5,1
I001977,2026-04-21 13:55:48,전산,VPN 연결,15.0,1
I001972,2026-04-21 14:13:38,전산,비밀번호 초기화,13.7,1
I001958,2026-04-21 15:56:48,전산,메일 오류,17.2,1
I001740,2026-04-21 16:11:38,총무,비품,6.7,1
I001976,2026-04-21 17:13:58,인사,재직증명서,14.9,1
I001945,2026-04-21 17:37:57,총무,구내식당 메뉴,5.3,1
I001507,2026-04-21 17:42:38,인사,복지,10.6,1
I001807,2026-04-21 17:54:43,전산,계정 잠금,13.7,1
I001524,2026-04-21 19:08:26,인사,근태,11.0,1
I001541,2026-04-21 19:26:24,법무,개인정보 문의,23.7,1
I001906,2026-04-22 09:16:16,전산,VPN 연결,17.0,1
I001974,2026-04-22 09:16:52,전산,메일 오류,9.4,1
I001707,2026-04-22 09:31:26,전산,인터넷 연결,11.2,1
I001675,2026-04-22 10:21:43,재무,세금계산서,11.4,1
I001706,2026-04-22 10:45:08,재무,출장비,16.6,1
I001960,2026-04-22 11:38:23,보안,보안 신고,14.2,1
I001652,2026-04-22 12:05:33,인사,출산휴가,13.3,1
I001598,2026-04-22 13:13:32,인사,퇴직금,14.7,1
I001564,2026-04-22 13:27:57,총무,사내 행사,10.3,1
I001542,2026-04-22 13:46:39,인사,급여 문의,12.8,1
I001512,2026-04-22 13:49:15,인사,퇴직금,11.0,1
I001935,2026-04-22 13:58:14,인사,연차 잔여일,14.5,1
I001786,2026-04-22 14:01:39,인사,급여 문의,10.3,1
I001570,2026-04-22 14:26:06,인사,출산휴가,9.4,1
I001758,2026-04-22 14:40:55,전산,VPN 연결,17.5,1
I001551,2026-04-22 15:25:33,총무,구내식당 메뉴,5.6,0
I001584,2026-04-22 15:26:39,법무,개인정보 문의,19.4,1
I001764,2026-04-22 15:49:19,전산,VPN 연결,16.7,1
I001571,2026-04-22 16:59:41,총무,비품,11.5,1
I001617,2026-04-22 17:12:08,전산,메일 오류,16.7,1
I001917,2026-04-22 18:18:50,전산,인터넷 연결,13.6,1
I001614,2026-04-22 18:28:55,전산,프로그램 설치,16.4,1
I001884,2026-04-23 08:39:34,총무,회의실 예약,6.3,1
I001802,2026-04-23 09:15:02,법무,계약서 검토,17.3,1
I001654,2026-04-23 09:30:49,전산,계정 잠금,11.5,1
I001739,2026-04-23 09:45:11,인사,재직증명서,15.0,1
I001726,2026-04-23 10:40:46,재무,법인카드 정산,8.9,1
I001949,2026-04-23 10:52:37,전산,프로그램 설치,12.1,1
I001625,2026-04-23 11:16:50,전산,프로그램 설치,17.5,1
I001710,2026-04-23 12:26:41,재무,법인카드 정산,8.8,1
I001853,2026-04-23 12:32:54,보안,보안 신고,15.6,1
I001946,2026-04-23 13:24:05,총무,주차,6.0,1
I001731,2026-04-23 13:58:30,인사,급여 문의,13.5,1
I001971,2026-04-23 14:55:29,전산,인터넷 연결,17.7,1
I001673,2026-04-23 15:10:24,전산,비밀번호 초기화,14.7,1
I001989,2026-04-23 15:19:21,재무,세금계산서,9.8,1
I001979,2026-04-23 16:14:58,인사,급여 문의,10.1,1
I001871,2026-04-23 16:44:24,전산,메일 오류,11.7,1
I001839,2026-04-23 16:50:52,총무,사내 행사,9.4,1
I001753,2026-04-23 17:17:01,전산,비밀번호 초기화,14.0,1
I001927,2026-04-23 17:47:55,총무,회의실 예약,10.0,1
I001637,2026-04-23 17:48:58,인사,연차 잔여일,12.8,1
I001511,2026-04-23 17:51:38,전산,메일 오류,9.7,1
I001529,2026-04-23 18:04:19,전산,프로그램 설치,14.7,0
I001579,2026-04-23 18:13:41,전산,VPN 연결,16.1,0
I001947,2026-04-23 19:18:23,전산,VPN 연결,8.5,1
I001885,2026-04-23 19:35:13,전산,메일 오류,14.8,1
I001904,2026-04-24 09:34:33,인사,재직증명서,10.8,1
I001938,2026-04-24 12:02:30,총무,비품,7.3,1
I001650,2026-04-24 12:18:58,인사,퇴직금,10.5,1
I001644,2026-04-24 12:26:53,총무,사내 행사,5.8,1
I001934,2026-04-24 12:43:26,전산,프로그램 설치,15.7,1
I001662,2026-04-24 13:04:15,총무,비품,10.7,1
I001611,2026-04-24 13:24:12,전산,VPN 연결,14.5,1
I001514,2026-04-24 14:30:09,보안,보안 신고,20.4,1
I001581,2026-04-24 14:48:40,전산,VPN 연결,11.7,1
I001978,2026-04-24 15:48:52,보안,권한 요청,19.9,1
I001649,2026-04-24 16:07:56,재무,출장비,11.9,1
I001912,2026-04-24 16:14:19,전산,PC 장애,9.2,1
I001888,2026-04-24 16:23:57,전산,비밀번호 초기화,16.7,1
I001936,2026-04-24 16:29:02,보안,MFA 오류,17.3,1
I001990,2026-04-24 16:41:41,전산,계정 잠금,8.8,1
I001813,2026-04-24 17:56:13,총무,사내 행사,10.4,1
I001519,2026-04-24 19:50:37,총무,비품,7.8,0
I001697,2026-04-25 09:44:42,인사,출산휴가,10.6,1
I001634,2026-04-25 09:46:45,전산,비밀번호 초기화,12.5,1
I001858,2026-04-25 11:01:59,총무,회의실 예약,5.8,1
I001572,2026-04-25 11:14:58,전산,메일 오류,9.1,1
I001791,2026-04-25 11:42:35,전산,프로그램 설치,17.5,1
I001922,2026-04-25 12:17:26,법무,법률 문의,17.9,1
I001910,2026-04-25 12:18:02,인사,재직증명서,10.9,1
I001890,2026-04-25 12:29:10,법무,개인정보 문의,22.6,1
I001855,2026-04-25 12:43:02,인사,연차 잔여일,14.1,1
I001859,2026-04-25 12:51:11,전산,인터넷 연결,11.2,1
I001667,2026-04-25 13:29:55,전산,인터넷 연결,11.1,1
I001924,2026-04-25 14:08:57,전산,PC 장애,13.0,1
I001606,2026-04-25 14:22:50,총무,주차,7.6,1
I001749,2026-04-25 14:37:13,법무,법률 문의,19.4,1
I001692,2026-04-25 14:48:34,총무,주차,6.7,1
I001993,2026-04-25 14:54:13,인사,퇴직금,12.2,1
I001763,2026-04-25 15:21:09,전산,비밀번호 초기화,11.3,1
I001803,2026-04-25 16:38:10,인사,출산휴가,9.9,1
I001961,2026-04-25 16:42:49,인사,복지,8.3,1
I001575,2026-04-25 17:26:23,인사,퇴직금,8.5,1
I001653,2026-04-25 19:55:11,재무,세금계산서,14.1,1
I001714,2026-04-26 09:45:54,인사,복지,13.9,1
I001683,2026-04-26 10:57:03,전산,인터넷 연결,8.2,1
I001645,2026-04-26 11:11:39,법무,개인정보 문의,12.3,1
I001631,2026-04-26 12:39:26,보안,보안 신고,14.8,1
I001666,2026-04-26 12:40:14,총무,주차,6.3,1
I001821,2026-04-26 13:26:30,인사,재직증명서,9.9,1
I001820,2026-04-26 13:35:32,재무,법인카드 정산,11.6,1
I001761,2026-04-26 14:05:11,인사,재직증명서,8.0,1
I001629,2026-04-26 14:23:03,전산,프로그램 설치,13.9,1
I001574,2026-04-26 15:28:23,인사,출산휴가,8.6,1
I001695,2026-04-26 15:38:01,보안,권한 요청,19.0,1
I001928,2026-04-26 16:07:42,전산,메일 오류,9.9,1
I001723,2026-04-26 17:48:59,인사,퇴직금,10.5,1
I001952,2026-04-26 17:55:49,보안,권한 요청,18.5,1
I001748,2026-04-26 18:16:56,전산,PC 장애,15.6,1
I001875,2026-04-26 18:49:22,전산,인터넷 연결,11.7,1
I001983,2026-04-26 19:13:00,전산,계정 잠금,16.2,1
I001558,2026-04-27 09:10:12,인사,퇴직금,7.9,1
I001620,2026-04-27 09:29:21,법무,개인정보 문의,20.3,1
I001887,2026-04-27 10:08:23,전산,메일 오류,12.8,1
I001518,2026-04-27 10:12:49,총무,비품,9.2,1
I001784,2026-04-27 10:14:58,총무,구내식당 메뉴,10.0,1
I001975,2026-04-27 11:45:00,법무,개인정보 문의,23.9,1
I001646,2026-04-27 12:00:05,법무,법률 문의,22.3,1
I001528,2026-04-27 12:38:59,전산,프로그램 설치,15.2,1
I001630,2026-04-27 13:24:48,전산,비밀번호 초기화,17.9,1
I001957,2026-04-27 13:32:44,보안,접근 통제,16.6,1
I001604,2026-04-27 13:38:55,인사,급여 문의,8.1,1
I001834,2026-04-27 15:13:25,총무,비품,9.9,1
I001627,2026-04-27 15:41:15,보안,권한 요청,16.5,1
I001796,2026-04-27 17:12:40,법무,개인정보 문의,18.0,1
I001804,2026-04-27 17:16:32,전산,프로그램 설치,14.0,1
I001640,2026-04-28 08:11:52,전산,메일 오류,14.1,1
I001717,2026-04-28 08:32:14,법무,사내 규정,16.2,1
I001999,2026-04-28 09:16:24,전산,프로그램 설치,8.5,1
I001586,2026-04-28 10:25:05,보안,MFA 오류,14.7,1
I001628,2026-04-28 10:31:37,인사,복지,12.0,1
I001738,2026-04-28 10:59:25,보안,MFA 오류,18.4,1
I001862,2026-04-28 11:19:42,재무,세금계산서,10.5,1
I001700,2026-04-28 11:35:39,법무,계약서 검토,14.0,1
I001744,2026-04-28 12:18:31,전산,PC 장애,16.6,1
I001685,2026-04-28 13:08:59,전산,계정 잠금,16.4,1
I001616,2026-04-28 13:11:34,재무,출장비,10.2,1
I001994,2026-04-28 14:22:36,전산,메일 오류,15.6,1
I001851,2026-04-28 14:29:23,법무,사내 규정,16.8,1
I001690,2026-04-28 15:22:15,전산,인터넷 연결,16.0,1
I001682,2026-04-28 15:33:39,총무,비품,10.5,1
I001676,2026-04-28 16:36:17,총무,회의실 예약,7.0,1
I001908,2026-04-28 18:50:16,전산,비밀번호 초기화,12.3,0
I001720,2026-04-28 18:59:53,전산,VPN 연결,16.0,1
I001516,2026-04-28 19:36:42,보안,보안 신고,16.8,1
I001592,2026-04-28 19:58:29,재무,경비처리,10.8,1
I001638,2026-04-29 08:58:31,전산,PC 장애,12.6,0
I001651,2026-04-29 09:28:41,전산,인터넷 연결,15.6,1
I001909,2026-04-29 10:30:25,총무,구내식당 메뉴,5.3,1
I001869,2026-04-29 10:31:50,법무,계약서 검토,20.0,1
I001665,2026-04-29 11:11:59,전산,계정 잠금,12.4,1
I001901,2026-04-29 11:39:52,전산,VPN 연결,8.4,1
I001597,2026-04-29 12:32:47,재무,법인카드 정산,12.9,1
I001693,2026-04-29 12:50:44,인사,연차 잔여일,12.0,1
I001768,2026-04-29 13:08:20,보안,보안 신고,18.4,1
I001836,2026-04-29 13:47:11,인사,복지,10.6,1
I001987,2026-04-29 13:52:25,전산,메일 오류,11.2,1
I001603,2026-04-29 13:59:50,재무,경비처리,8.6,1
I001809,2026-04-29 14:07:15,인사,근태,11.9,1
I001557,2026-04-29 15:39:23,전산,계정 잠금,16.1,0
I001863,2026-04-29 15:46:56,전산,PC 장애,8.7,1
I001826,2026-04-29 15:53:15,인사,재직증명서,7.4,1
I001643,2026-04-29 17:02:14,전산,메일 오류,9.2,1
I001838,2026-04-29 18:42:12,총무,사내 행사,8.9,1
I001635,2026-04-29 18:47:43,재무,경비처리,11.6,1
I001561,2026-04-29 19:59:43,인사,근태,12.1,1
I001798,2026-04-30 08:13:19,총무,사내 행사,6.7,1
I001814,2026-04-30 08:24:55,인사,급여 문의,10.5,1
I001672,2026-04-30 08:27:32,인사,재직증명서,8.6,1
I001501,2026-04-30 09:13:28,전산,비밀번호 초기화,14.9,1
I001543,2026-04-30 09:39:43,인사,퇴직금,10.8,1
I001973,2026-04-30 09:51:28,전산,계정 잠금,15.9,1
I001536,2026-04-30 10:17:43,인사,급여 문의,9.5,1
I001926,2026-04-30 10:20:13,총무,주차,5.0,1
I001674,2026-04-30 10:40:40,전산,VPN 연결,13.2,1
I001968,2026-04-30 12:01:20,법무,계약서 검토,16.5,1
I001547,2026-04-30 13:41:41,인사,연차 잔여일,9.9,1
I001622,2026-04-30 13:41:44,법무,법률 문의,19.5,1
I001715,2026-04-30 14:26:27,전산,프로그램 설치,8.6,1
I001878,2026-04-30 14:32:42,총무,회의실 예약,6.0,1
I001930,2026-04-30 15:29:25,전산,비밀번호 초기화,13.7,1
I001527,2026-04-30 16:19:56,재무,출장비,9.3,1
I001793,2026-04-30 18:26:10,전산,인터넷 연결,10.6,1
I001725,2026-04-30 18:57:30,인사,급여 문의,12.7,1
I001940,2026-04-30 19:37:11,보안,권한 요청,10.0,1
I001664,2026-04-30 19:57:51,전산,PC 장애,16.8,1
I002077,2026-05-01 08:50:31,재무,경비처리,15.2,1
I002344,2026-05-01 10:18:22,인사,출산휴가,14.7,1
I002139,2026-05-01 10:31:52,전산,VPN 연결,9.7,1
I002389,2026-05-01 10:32:31,전산,계정 잠금,16.5,1
I002008,2026-05-01 10:47:02,전산,인터넷 연결,12.7,1
I002271,2026-05-01 11:15:18,보안,접근 통제,11.0,1
I002465,2026-05-01 11:29:25,인사,급여 문의,10.2,1
I002297,2026-05-01 11:29:31,총무,회의실 예약,7.0,1
I002335,2026-05-01 12:55:28,인사,복지,10.3,1
I002356,2026-05-01 13:08:42,전산,계정 잠금,15.7,1
I002192,2026-05-01 13:36:23,인사,연차 잔여일,12.8,1
I002381,2026-05-01 13:44:13,총무,회의실 예약,5.4,1
I002403,2026-05-01 13:46:58,전산,VPN 연결,11.2,1
I002155,2026-05-01 14:14:37,법무,개인정보 문의,13.1,1
I002217,2026-05-01 14:17:34,전산,비밀번호 초기화,11.2,1
I002191,2026-05-01 14:49:36,총무,비품,9.3,1
I002113,2026-05-01 17:06:31,인사,급여 문의,9.8,1
I002310,2026-05-01 18:25:09,전산,비밀번호 초기화,12.7,1
I002374,2026-05-01 19:01:31,전산,계정 잠금,12.4,1
I002103,2026-05-02 10:42:09,전산,PC 장애,15.3,1
I002007,2026-05-02 11:23:05,재무,세금계산서,10.6,1
I002022,2026-05-02 11:51:24,보안,접근 통제,16.8,1
I002449,2026-05-02 12:02:46,전산,PC 장애,9.1,1
I002118,2026-05-02 12:07:30,전산,비밀번호 초기화,17.8,1
I002497,2026-05-02 12:30:37,보안,권한 요청,13.3,1
I002422,2026-05-02 13:06:29,총무,구내식당 메뉴,8.3,1
I002038,2026-05-02 13:42:04,전산,계정 잠금,17.5,1
I002128,2026-05-02 14:46:15,인사,출산휴가,12.3,1
I002204,2026-05-02 15:09:31,보안,보안 신고,20.8,1
I002253,2026-05-02 15:20:48,전산,VPN 연결,14.5,1
I002159,2026-05-02 15:26:59,재무,법인카드 정산,14.7,1
I002137,2026-05-02 16:03:26,총무,사내 행사,7.8,1
I002227,2026-05-02 16:49:43,보안,보안 신고,16.4,1
I002114,2026-05-02 17:06:35,인사,연차 잔여일,10.4,1
I002279,2026-05-02 17:13:58,전산,PC 장애,10.1,1
I002359,2026-05-02 18:24:55,총무,사내 행사,10.8,1
I002264,2026-05-02 18:31:00,총무,주차,11.9,1
I002085,2026-05-02 19:58:34,인사,근태,8.6,1
I002309,2026-05-03 08:10:53,총무,비품,11.2,1
I002098,2026-05-03 08:14:16,전산,비밀번호 초기화,13.1,1
I002345,2026-05-03 08:37:06,재무,출장비,14.6,1
I002276,2026-05-03 09:22:11,총무,비품,6.5,1
I002487,2026-05-03 10:01:11,전산,계정 잠금,13.8,1
I002343,2026-05-03 10:12:19,보안,권한 요청,15.4,1
I002171,2026-05-03 11:02:15,인사,근태,12.8,1
I002219,2026-05-03 11:15:58,전산,PC 장애,13.4,1
I002477,2026-05-03 11:47:51,인사,복지,8.2,1
I002456,2026-05-03 12:02:58,총무,회의실 예약,7.8,1
I002247,2026-05-03 12:24:49,전산,VPN 연결,8.4,1
I002058,2026-05-03 13:10:26,법무,계약서 검토,19.1,1
I002101,2026-05-03 13:50:56,법무,사내 규정,16.8,1
I002414,2026-05-03 14:09:23,전산,계정 잠금,8.9,1
I002289,2026-05-03 14:26:56,총무,비품,8.2,1
I002092,2026-05-03 14:29:33,재무,경비처리,10.8,1
I002040,2026-05-03 14:35:38,재무,세금계산서,14.4,1
I002384,2026-05-03 17:24:34,총무,주차,5.8,1
I002454,2026-05-03 17:39:30,전산,인터넷 연결,15.3,1
I002409,2026-05-03 18:05:08,재무,법인카드 정산,15.5,1
I002357,2026-05-03 18:26:16,총무,주차,5.6,1
I002146,2026-05-03 18:58:19,법무,계약서 검토,21.5,1
I002152,2026-05-03 19:53:43,전산,비밀번호 초기화,9.1,1
I002239,2026-05-04 08:50:09,전산,인터넷 연결,13.5,1
I002316,2026-05-04 09:35:26,보안,권한 요청,11.2,1
I002396,2026-05-04 10:02:17,전산,VPN 연결,11.5,1
I002197,2026-05-04 10:19:09,전산,프로그램 설치,8.7,1
I002417,2026-05-04 11:48:36,전산,계정 잠금,14.9,1
I002090,2026-05-04 11:53:26,보안,MFA 오류,15.7,1
I002286,2026-05-04 11:58:09,보안,접근 통제,11.2,1
I002056,2026-05-04 12:20:08,전산,PC 장애,17.6,1
I002079,2026-05-04 12:37:17,인사,복지,13.8,1
I002194,2026-05-04 15:43:40,전산,계정 잠금,17.1,0
I002193,2026-05-04 15:57:48,인사,출산휴가,11.6,1
I002354,2026-05-04 17:49:17,전산,PC 장애,11.8,1
I002230,2026-05-04 18:16:19,전산,계정 잠금,11.4,1
I002334,2026-05-04 18:37:08,전산,메일 오류,11.2,1
I002074,2026-05-05 08:05:35,전산,인터넷 연결,13.1,1
I002259,2026-05-05 08:43:32,총무,사내 행사,7.8,1
I002081,2026-05-05 08:48:38,인사,재직증명서,12.1,1
I002213,2026-05-05 09:47:55,보안,접근 통제,17.4,1
I002244,2026-05-05 10:56:28,전산,메일 오류,12.6,1
I002440,2026-05-05 11:01:27,재무,법인카드 정산,12.6,1
I002412,2026-05-05 11:31:37,인사,재직증명서,14.1,1
I002055,2026-05-05 14:13:09,전산,비밀번호 초기화,9.0,1
I002361,2026-05-05 15:18:16,인사,재직증명서,9.9,1
I002134,2026-05-05 16:42:37,인사,연차 잔여일,11.5,1
I002063,2026-05-05 17:02:46,인사,재직증명서,9.5,1
I002459,2026-05-05 17:25:31,전산,VPN 연결,13.4,1
I002285,2026-05-05 18:24:21,재무,출장비,14.4,1
I002476,2026-05-05 19:30:49,인사,퇴직금,11.7,1
I002402,2026-05-05 19:42:57,재무,출장비,8.6,1
I002097,2026-05-06 08:02:18,재무,경비처리,11.3,1
I002280,2026-05-06 09:55:43,재무,법인카드 정산,10.9,1
I002249,2026-05-06 09:59:31,재무,출장비,8.3,1
I002115,2026-05-06 10:17:52,전산,프로그램 설치,11.8,1
I002246,2026-05-06 11:59:33,전산,메일 오류,8.6,1
I002169,2026-05-06 13:17:28,전산,VPN 연결,12.8,1
I002142,2026-05-06 14:16:06,인사,복지,11.9,1
I002015,2026-05-06 17:29:30,총무,사내 행사,10.1,1
I002319,2026-05-06 19:12:43,법무,법률 문의,18.2,1
I002423,2026-05-06 19:30:10,인사,재직증명서,11.9,1
I002126,2026-05-07 09:27:31,전산,인터넷 연결,12.4,1
I002170,2026-05-07 10:19:17,전산,계정 잠금,8.4,1
I002004,2026-05-07 10:27:07,전산,계정 잠금,17.5,1
I002302,2026-05-07 10:40:51,총무,비품,10.4,1
I002494,2026-05-07 10:44:19,총무,비품,11.0,1
I002484,2026-05-07 11:08:26,보안,보안 신고,12.2,1
I002393,2026-05-07 11:32:35,전산,VPN 연결,8.6,1
I002200,2026-05-07 13:25:47,재무,경비처리,9.8,1
I002327,2026-05-07 14:17:49,인사,재직증명서,11.0,1
I002420,2026-05-07 14:38:41,재무,출장비,9.6,0
I002107,2026-05-07 14:57:08,인사,연차 잔여일,10.5,1
I002488,2026-05-07 15:07:46,전산,비밀번호 초기화,15.0,1
I002371,2026-05-07 15:19:37,법무,개인정보 문의,23.8,1
I002202,2026-05-07 15:26:12,전산,계정 잠금,17.0,1
I002443,2026-05-07 15:41:30,재무,출장비,15.1,1
I002012,2026-05-07 16:04:04,전산,인터넷 연결,12.8,1
I002024,2026-05-07 16:37:03,인사,근태,9.2,1
I002445,2026-05-07 16:45:18,인사,근태,7.4,1
I002482,2026-05-07 17:23:52,전산,PC 장애,11.2,1
I002028,2026-05-07 17:29:50,전산,프로그램 설치,13.9,1
I002492,2026-05-07 19:08:29,총무,구내식당 메뉴,8.6,1
I002254,2026-05-07 19:19:22,총무,비품,10.0,1
I002131,2026-05-08 09:06:40,전산,계정 잠금,9.0,1
I002181,2026-05-08 10:09:41,전산,비밀번호 초기화,16.7,1
I002182,2026-05-08 10:29:28,인사,재직증명서,7.9,0
I002054,2026-05-08 11:48:23,전산,계정 잠금,12.7,1
I002047,2026-05-08 13:41:27,인사,재직증명서,9.4,1
I002120,2026-05-08 14:55:55,인사,퇴직금,14.8,1
I002479,2026-05-08 16:42:08,인사,근태,7.1,1
I002353,2026-05-08 17:07:36,보안,보안 신고,11.2,1
I002252,2026-05-08 17:08:57,전산,VPN 연결,13.1,1
I002111,2026-05-08 18:25:34,인사,근태,7.8,1
I002199,2026-05-08 19:57:35,전산,PC 장애,13.6,1
I002455,2026-05-09 09:31:46,인사,급여 문의,11.4,1
I002391,2026-05-09 09:39:02,총무,비품,5.9,1
I002337,2026-05-09 10:07:36,총무,주차,11.8,1
I002377,2026-05-09 10:15:20,전산,프로그램 설치,15.8,1
I002312,2026-05-09 10:27:49,법무,사내 규정,17.2,1
I002049,2026-05-09 10:31:14,재무,경비처리,9.5,1
I002179,2026-05-09 15:01:08,전산,계정 잠금,8.6,1
I002485,2026-05-09 15:19:14,전산,인터넷 연결,16.0,1
I002208,2026-05-09 18:30:18,인사,급여 문의,9.2,1
I002278,2026-05-09 19:19:11,재무,세금계산서,15.4,1
I002057,2026-05-09 19:42:24,인사,재직증명서,9.4,1
I002093,2026-05-10 08:14:31,보안,보안 신고,13.9,1
I002123,2026-05-10 09:07:38,인사,퇴직금,8.8,1
I002005,2026-05-10 09:11:13,인사,급여 문의,9.5,0
I002023,2026-05-10 09:33:56,인사,출산휴가,14.2,1
I002347,2026-05-10 10:07:41,재무,경비처리,9.4,1
I002228,2026-05-10 10:09:49,전산,PC 장애,10.4,1
I002016,2026-05-10 10:55:15,전산,계정 잠금,12.0,1
I002394,2026-05-10 10:56:04,전산,VPN 연결,15.0,0
I002451,2026-05-10 11:04:09,인사,퇴직금,10.6,1
I002415,2026-05-10 11:34:31,전산,비밀번호 초기화,10.1,1
I002110,2026-05-10 11:49:39,전산,메일 오류,17.3,1
I002231,2026-05-10 12:13:30,인사,퇴직금,11.0,1
I002154,2026-05-10 12:29:33,전산,인터넷 연결,12.6,1
I002425,2026-05-10 13:08:40,전산,인터넷 연결,16.8,1
I002352,2026-05-10 13:33:50,재무,출장비,11.4,1
I002094,2026-05-10 13:36:59,총무,구내식당 메뉴,7.4,1
I002138,2026-05-10 14:09:27,전산,비밀번호 초기화,11.4,1
I002187,2026-05-10 14:15:08,보안,MFA 오류,16.1,1
I002401,2026-05-10 14:20:23,전산,비밀번호 초기화,17.5,1
I002480,2026-05-10 14:31:31,전산,메일 오류,11.8,1
I002133,2026-05-10 14:55:30,보안,보안 신고,10.2,1
I002195,2026-05-10 15:19:40,전산,VPN 연결,17.3,0
I002320,2026-05-10 16:19:54,전산,프로그램 설치,15.3,1
I002328,2026-05-10 16:20:56,재무,경비처리,16.6,1
I002447,2026-05-10 16:27:56,인사,재직증명서,10.4,1
I002461,2026-05-10 16:51:01,재무,출장비,9.2,1
I002468,2026-05-10 16:59:26,전산,계정 잠금,10.9,1
I002205,2026-05-10 17:07:28,보안,보안 신고,20.1,1
I002270,2026-05-10 17:55:07,재무,경비처리,15.0,1
I002406,2026-05-10 18:57:26,총무,사내 행사,7.4,1
I002311,2026-05-10 19:29:41,전산,PC 장애,12.4,1
I002053,2026-05-11 10:31:37,총무,사내 행사,10.2,1
I002351,2026-05-11 10:42:14,전산,메일 오류,17.5,1
I002026,2026-05-11 10:47:24,인사,급여 문의,8.3,1
I002453,2026-05-11 11:42:47,인사,출산휴가,8.3,1
I002072,2026-05-11 13:30:25,재무,법인카드 정산,13.5,1
I002130,2026-05-11 14:04:11,전산,인터넷 연결,8.2,1
I002135,2026-05-11 14:14:06,보안,보안 신고,17.8,1
I002368,2026-05-11 14:35:59,법무,개인정보 문의,21.0,1
I002014,2026-05-11 14:47:43,전산,PC 장애,11.9,1
I002262,2026-05-11 15:52:53,전산,PC 장애,11.3,1
I002496,2026-05-11 16:18:20,전산,인터넷 연결,10.1,1
I002044,2026-05-11 16:19:52,전산,계정 잠금,9.8,1
I002164,2026-05-11 16:52:58,전산,프로그램 설치,10.2,1
I002061,2026-05-11 17:22:16,인사,근태,13.6,1
I002294,2026-05-11 17:26:20,전산,메일 오류,14.8,1
I002495,2026-05-11 17:42:15,법무,개인정보 문의,19.5,1
I002363,2026-05-11 19:01:37,재무,출장비,10.0,1
I002172,2026-05-11 19:12:17,보안,MFA 오류,19.5,1
I002380,2026-05-12 08:44:23,전산,프로그램 설치,15.1,1
I002457,2026-05-12 09:13:25,전산,인터넷 연결,17.7,1
I002437,2026-05-12 11:33:40,전산,인터넷 연결,11.3,1
I002362,2026-05-12 11:43:30,전산,계정 잠금,16.5,1
I002386,2026-05-12 15:00:01,전산,메일 오류,12.9,1
I002379,2026-05-12 15:10:24,전산,PC 장애,16.9,1
I002467,2026-05-12 15:56:01,재무,경비처리,14.1,1
I002025,2026-05-12 17:30:26,전산,VPN 연결,9.4,1
I002223,2026-05-12 19:52:21,인사,급여 문의,14.4,1
I002418,2026-05-13 10:24:01,총무,회의실 예약,9.3,1
I002215,2026-05-13 10:32:17,전산,메일 오류,8.5,1
I002037,2026-05-13 10:39:42,총무,구내식당 메뉴,7.0,1
I002439,2026-05-13 10:51:27,인사,재직증명서,9.1,1
I002399,2026-05-13 11:07:14,법무,사내 규정,16.1,1
I002301,2026-05-13 11:25:39,보안,MFA 오류,10.3,1
I002284,2026-05-13 12:52:12,전산,VPN 연결,12.7,1
I002277,2026-05-13 15:33:28,인사,재직증명서,8.8,1
I002242,2026-05-13 15:42:45,총무,주차,6.7,1
I002045,2026-05-13 16:34:08,보안,MFA 오류,16.9,1
I002073,2026-05-13 16:37:12,전산,비밀번호 초기화,15.4,1
I002410,2026-05-13 16:49:15,총무,주차,7.1,1
I002226,2026-05-13 17:24:46,전산,PC 장애,11.4,1
I002222,2026-05-13 17:36:24,전산,PC 장애,13.5,1
I002300,2026-05-13 18:01:16,전산,인터넷 연결,10.3,1
I002143,2026-05-13 18:09:33,인사,연차 잔여일,8.5,1
I002323,2026-05-13 18:28:37,재무,경비처리,8.2,1
I002108,2026-05-13 18:55:29,전산,VPN 연결,11.4,1
I002062,2026-05-13 19:53:40,재무,경비처리,9.3,0
I002034,2026-05-14 08:31:52,인사,퇴직금,11.9,1
I002287,2026-05-14 08:54:40,전산,VPN 연결,11.9,1
I002163,2026-05-14 09:18:13,법무,법률 문의,22.6,1
I002144,2026-05-14 09:44:47,인사,급여 문의,11.7,1
I002317,2026-05-14 10:56:50,법무,법률 문의,21.2,1
I002082,2026-05-14 13:59:10,총무,사내 행사,11.6,1
I002003,2026-05-14 15:07:13,인사,재직증명서,12.3,1
I002048,2026-05-14 15:19:02,전산,비밀번호 초기화,14.3,1
I002378,2026-05-14 16:24:24,전산,VPN 연결,15.5,1
I002165,2026-05-14 17:11:30,법무,계약서 검토,12.4,1
I002283,2026-05-14 17:17:22,인사,출산휴가,11.1,1
I002348,2026-05-14 17:21:14,재무,세금계산서,13.5,0
I002469,2026-05-14 17:49:09,인사,재직증명서,8.4,1
I002255,2026-05-14 18:41:18,총무,비품,5.4,1
I002140,2026-05-14 19:06:13,전산,비밀번호 초기화,16.4,1
I002432,2026-05-14 19:37:01,전산,계정 잠금,15.1,1
I002105,2026-05-15 08:56:42,보안,MFA 오류,20.3,1
I002383,2026-05-15 10:44:44,총무,비품,10.0,1
I002273,2026-05-15 12:00:13,재무,법인카드 정산,13.0,1
I002315,2026-05-15 13:25:42,전산,비밀번호 초기화,9.9,1
I002119,2026-05-15 14:26:30,전산,메일 오류,11.7,1
I002304,2026-05-15 14:39:05,전산,VPN 연결,8.3,1
I002460,2026-05-15 14:45:34,전산,프로그램 설치,11.6,0
I002424,2026-05-15 15:06:33,전산,프로그램 설치,12.2,1
I002450,2026-05-15 15:36:31,총무,비품,6.4,1
I002411,2026-05-15 15:45:52,재무,법인카드 정산,11.9,1
I002498,2026-05-15 16:56:01,총무,사내 행사,8.0,1
I002441,2026-05-15 18:41:20,총무,구내식당 메뉴,7.1,1
I002078,2026-05-15 18:45:48,총무,회의실 예약,5.4,1
I002342,2026-05-15 19:48:10,전산,VPN 연결,14.5,1
I002095,2026-05-16 08:36:14,인사,퇴직금,12.0,1
I002338,2026-05-16 11:53:50,전산,프로그램 설치,16.7,1
I002404,2026-05-16 12:15:36,전산,PC 장애,17.4,1
I002238,2026-05-16 13:35:02,전산,프로그램 설치,10.1,1
I002434,2026-05-16 15:00:08,보안,권한 요청,17.6,1
I002027,2026-05-16 15:33:46,보안,권한 요청,16.0,1
I002124,2026-05-16 16:09:37,전산,인터넷 연결,17.1,1
I002355,2026-05-16 17:43:40,전산,PC 장애,9.9,1
I002444,2026-05-16 18:40:28,인사,복지,12.7,1
I002395,2026-05-16 18:42:05,전산,인터넷 연결,14.9,1
I002475,2026-05-16 19:23:00,전산,인터넷 연결,9.4,1
I002474,2026-05-16 19:33:51,전산,프로그램 설치,17.0,1
I002275,2026-05-17 09:37:18,보안,접근 통제,10.6,1
I002013,2026-05-17 10:45:51,법무,사내 규정,12.1,1
I002214,2026-05-17 11:47:22,보안,접근 통제,13.6,1
I002463,2026-05-17 12:11:43,전산,인터넷 연결,10.6,1
I002051,2026-05-17 13:19:00,법무,계약서 검토,23.4,0
I002168,2026-05-17 14:39:48,전산,비밀번호 초기화,17.1,1
I002088,2026-05-17 15:32:59,인사,복지,7.2,1
I002292,2026-05-17 15:53:29,보안,MFA 오류,19.6,1
I002153,2026-05-17 18:51:06,인사,출산휴가,7.8,1
I002308,2026-05-17 18:59:34,전산,VPN 연결,12.7,1
I002052,2026-05-17 19:42:03,인사,재직증명서,7.4,1
I002209,2026-05-17 19:58:16,전산,계정 잠금,17.4,1
I002198,2026-05-18 10:46:26,인사,급여 문의,9.8,1
I002166,2026-05-18 11:46:44,인사,복지,12.1,1
I002426,2026-05-18 12:20:06,보안,접근 통제,15.6,1
I002030,2026-05-18 12:22:14,전산,인터넷 연결,12.4,1
I002295,2026-05-18 12:23:40,인사,연차 잔여일,10.1,1
I002375,2026-05-18 12:52:01,인사,퇴직금,11.0,1
I002408,2026-05-18 13:10:32,재무,법인카드 정산,15.8,1
I002129,2026-05-18 13:45:39,전산,프로그램 설치,16.6,1
I002257,2026-05-18 14:18:58,전산,메일 오류,12.0,1
I002385,2026-05-18 15:58:37,전산,VPN 연결,13.9,1
I002167,2026-05-18 17:14:59,전산,VPN 연결,12.3,0
I002372,2026-05-18 17:50:17,인사,복지,8.0,1
I002263,2026-05-18 18:12:22,전산,PC 장애,8.3,1
I002220,2026-05-18 18:17:54,재무,출장비,14.5,1
I002364,2026-05-18 18:28:49,총무,주차,10.8,1
I002464,2026-05-18 18:33:17,인사,급여 문의,10.1,1
I002387,2026-05-18 19:30:15,총무,회의실 예약,8.2,1
I002429,2026-05-19 08:26:56,전산,프로그램 설치,15.0,1
I002366,2026-05-19 09:05:47,재무,출장비,11.6,1
I002341,2026-05-19 09:09:48,전산,VPN 연결,14.4,1
I002232,2026-05-19 09:25:13,재무,출장비,11.1,1
I002127,2026-05-19 09:57:07,인사,출산휴가,14.5,1
I002147,2026-05-19 10:12:06,재무,경비처리,10.6,1
I002087,2026-05-19 11:48:32,전산,메일 오류,11.1,1
I002416,2026-05-19 13:14:29,총무,회의실 예약,9.4,1
I002021,2026-05-19 13:31:47,법무,사내 규정,23.1,0
I002050,2026-05-19 13:36:41,총무,사내 행사,6.2,1
I002211,2026-05-19 16:56:22,전산,프로그램 설치,12.5,1
I002288,2026-05-19 17:21:11,인사,복지,8.8,1
I002313,2026-05-19 18:56:55,전산,프로그램 설치,14.1,1
I002373,2026-05-19 19:23:30,보안,보안 신고,12.2,1
I002065,2026-05-19 19:24:59,보안,보안 신고,12.7,1
I002031,2026-05-19 19:43:45,전산,PC 장애,8.8,1
I002489,2026-05-20 08:58:15,전산,비밀번호 초기화,10.9,1
I002448,2026-05-20 09:07:00,인사,급여 문의,9.6,1
I002002,2026-05-20 10:10:59,인사,출산휴가,8.0,1
I002122,2026-05-20 10:50:30,총무,구내식당 메뉴,5.5,1
I002267,2026-05-20 11:07:10,인사,급여 문의,9.9,1
I002178,2026-05-20 11:29:46,총무,사내 행사,10.7,1
I002233,2026-05-20 12:21:31,인사,복지,7.4,1
I002234,2026-05-20 13:17:32,전산,VPN 연결,16.6,1
I002009,2026-05-20 14:40:52,전산,계정 잠금,13.3,1
I002068,2026-05-20 14:49:45,전산,PC 장애,13.3,1
I002248,2026-05-20 15:29:44,인사,복지,10.8,1
I002398,2026-05-20 16:21:45,전산,프로그램 설치,15.1,1
I002376,2026-05-20 16:30:01,법무,법률 문의,21.4,1
I002221,2026-05-20 16:36:26,보안,접근 통제,15.3,1
I002428,2026-05-20 16:52:35,총무,사내 행사,8.7,1
I002346,2026-05-20 17:29:38,인사,복지,9.2,0
I002125,2026-05-20 17:47:54,인사,급여 문의,14.1,1
I002261,2026-05-20 17:59:57,전산,프로그램 설치,13.5,1
I002291,2026-05-20 18:28:41,전산,계정 잠금,17.0,0
I002035,2026-05-20 18:31:34,총무,사내 행사,7.9,1
I002303,2026-05-20 19:17:47,보안,접근 통제,21.9,1
I002340,2026-05-20 19:21:42,재무,법인카드 정산,12.6,1
I002210,2026-05-20 19:41:38,전산,메일 오류,17.6,1
I002102,2026-05-21 08:03:15,전산,인터넷 연결,10.3,1
I002435,2026-05-21 08:47:28,인사,급여 문의,11.1,0
I002010,2026-05-21 09:15:04,전산,PC 장애,13.9,1
I002322,2026-05-21 10:01:04,전산,메일 오류,11.1,1
I002442,2026-05-21 11:11:58,전산,계정 잠금,17.1,1
I002069,2026-05-21 11:36:21,총무,사내 행사,6.8,1
I002071,2026-05-21 11:55:56,인사,근태,9.8,1
I002260,2026-05-21 12:50:38,인사,출산휴가,7.5,1
I002207,2026-05-21 13:01:11,법무,개인정보 문의,21.7,1
I002020,2026-05-21 13:57:47,전산,계정 잠금,8.8,1
I002141,2026-05-21 14:58:48,재무,출장비,16.6,1
I002390,2026-05-21 16:49:33,법무,계약서 검토,22.4,1
I002067,2026-05-21 18:12:04,재무,세금계산서,12.2,1
I002188,2026-05-21 19:04:41,재무,법인카드 정산,8.3,0
I002367,2026-05-21 19:25:30,보안,권한 요청,11.6,1
I002369,2026-05-21 19:41:07,전산,비밀번호 초기화,14.7,1
I002272,2026-05-21 19:51:58,전산,인터넷 연결,15.4,1
I002033,2026-05-22 09:30:44,재무,출장비,13.3,1
I002060,2026-05-22 09:45:33,전산,인터넷 연결,12.1,1
I002185,2026-05-22 10:46:11,재무,출장비,14.9,1
I002462,2026-05-22 11:57:20,법무,개인정보 문의,18.9,1
I002011,2026-05-22 13:00:25,인사,연차 잔여일,10.4,1
I002091,2026-05-22 13:25:47,전산,비밀번호 초기화,14.0,1
I002225,2026-05-22 13:52:54,전산,계정 잠금,15.2,1
I002486,2026-05-22 14:08:25,재무,세금계산서,16.2,1
I002001,2026-05-22 14:45:04,법무,사내 규정,13.3,1
I002117,2026-05-22 15:37:00,전산,PC 장애,14.9,1
I002190,2026-05-22 16:24:08,전산,메일 오류,17.6,1
I002046,2026-05-22 18:00:13,전산,PC 장애,9.1,1
I002431,2026-05-22 18:31:44,보안,권한 요청,15.8,0
I002493,2026-05-22 18:55:34,전산,계정 잠금,13.4,1
I002150,2026-05-22 19:20:42,인사,급여 문의,10.7,1
I002452,2026-05-23 09:16:23,재무,경비처리,16.9,1
I002224,2026-05-23 10:31:11,전산,VPN 연결,10.4,1
I002397,2026-05-23 11:07:24,인사,급여 문의,14.2,1
I002158,2026-05-23 11:45:24,전산,VPN 연결,12.8,1
I002331,2026-05-23 12:00:42,전산,인터넷 연결,15.0,1
I002070,2026-05-23 13:14:44,인사,연차 잔여일,10.1,1
I002321,2026-05-23 14:12:08,총무,비품,11.1,1
I002162,2026-05-23 14:23:16,전산,PC 장애,8.8,1
I002438,2026-05-23 16:41:29,보안,접근 통제,18.1,1
I002251,2026-05-23 16:42:55,법무,사내 규정,17.0,1
I002330,2026-05-23 18:38:47,전산,인터넷 연결,9.4,1
I002419,2026-05-23 19:40:18,전산,메일 오류,13.5,1
I002036,2026-05-23 19:52:32,인사,급여 문의,9.1,1
I002491,2026-05-23 19:58:00,보안,권한 요청,12.5,1
I002076,2026-05-24 09:22:11,전산,계정 잠금,16.8,1
I002250,2026-05-24 10:18:13,인사,연차 잔여일,7.7,1
I002360,2026-05-24 10:28:31,법무,법률 문의,22.5,1
I002237,2026-05-24 10:34:08,인사,연차 잔여일,8.7,1
I002365,2026-05-24 10:54:02,전산,VPN 연결,17.3,1
I002281,2026-05-24 11:34:20,전산,PC 장애,14.6,1
I002018,2026-05-24 11:54:00,인사,복지,11.7,1
I002268,2026-05-24 11:59:36,보안,보안 신고,20.8,1
I002332,2026-05-24 12:44:29,전산,프로그램 설치,14.1,1
I002499,2026-05-24 15:55:53,인사,복지,8.4,1
I002064,2026-05-24 16:03:22,보안,보안 신고,19.5,1
I002265,2026-05-24 16:21:06,인사,급여 문의,13.7,0
I002388,2026-05-24 16:38:33,인사,출산휴가,14.2,1
I002473,2026-05-24 18:08:51,전산,VPN 연결,17.5,1
I002349,2026-05-24 18:18:33,보안,MFA 오류,18.3,1
I002099,2026-05-24 18:20:11,총무,주차,10.6,1
I002430,2026-05-24 19:18:19,법무,개인정보 문의,18.6,1
I002017,2026-05-25 08:39:29,전산,인터넷 연결,8.5,1
I002006,2026-05-25 08:43:18,인사,재직증명서,11.5,1
I002240,2026-05-25 10:11:41,인사,출산휴가,8.6,1
I002282,2026-05-25 11:25:17,전산,PC 장애,8.4,1
I002325,2026-05-25 11:26:39,전산,인터넷 연결,14.2,1
I002075,2026-05-25 12:12:03,재무,세금계산서,12.1,1
I002086,2026-05-25 12:14:37,보안,접근 통제,18.1,1
I002243,2026-05-25 13:02:30,전산,계정 잠금,15.5,1
I002472,2026-05-25 15:25:31,인사,퇴직금,11.2,1
I002106,2026-05-25 15:27:29,법무,계약서 검토,12.5,1
I002266,2026-05-25 15:32:27,보안,권한 요청,18.0,1
I002174,2026-05-25 16:51:16,보안,권한 요청,21.3,1
I002203,2026-05-25 16:58:33,전산,인터넷 연결,15.6,1
I002400,2026-05-25 18:05:30,전산,VPN 연결,12.2,1
I002136,2026-05-25 18:06:45,전산,PC 장애,11.6,1
I002104,2026-05-25 18:08:57,인사,복지,14.1,1
I002149,2026-05-25 19:56:07,인사,급여 문의,7.9,1
I002132,2026-05-26 08:04:18,재무,법인카드 정산,10.4,1
I002293,2026-05-26 08:17:07,재무,출장비,9.3,1
I002336,2026-05-26 08:53:59,재무,경비처리,8.7,1
I002212,2026-05-26 09:11:08,인사,연차 잔여일,13.6,1
I002121,2026-05-26 09:18:14,재무,출장비,13.4,1
I002433,2026-05-26 10:46:02,전산,인터넷 연결,11.7,1
I002032,2026-05-26 11:08:18,인사,근태,10.7,1
I002382,2026-05-26 12:00:11,보안,보안 신고,19.9,1
I002296,2026-05-26 13:34:03,전산,계정 잠금,12.9,1
I002084,2026-05-26 14:26:31,전산,VPN 연결,14.7,1
I002350,2026-05-26 14:35:40,전산,메일 오류,13.4,1
I002314,2026-05-26 15:34:40,인사,출산휴가,10.7,1
I002145,2026-05-26 16:35:37,총무,구내식당 메뉴,7.1,1
I002307,2026-05-26 18:05:38,전산,메일 오류,9.6,1
I002041,2026-05-26 18:08:56,총무,구내식당 메뉴,6.4,1
I002043,2026-05-26 18:50:11,전산,비밀번호 초기화,10.9,1
I002500,2026-05-27 08:27:04,법무,법률 문의,12.3,1
I002177,2026-05-27 11:33:25,총무,주차,8.3,1
I002236,2026-05-27 13:45:01,인사,연차 잔여일,12.5,0
I002201,2026-05-27 14:21:44,전산,인터넷 연결,15.8,1
I002256,2026-05-27 14:31:20,전산,비밀번호 초기화,14.4,1
I002269,2026-05-27 15:36:03,인사,퇴직금,8.9,1
I002161,2026-05-27 15:59:53,인사,급여 문의,8.6,1
I002339,2026-05-27 17:06:21,전산,프로그램 설치,15.9,1
I002235,2026-05-27 17:30:29,보안,접근 통제,20.3,1
I002421,2026-05-27 18:04:00,인사,퇴직금,8.9,1
I002116,2026-05-27 18:16:11,전산,메일 오류,15.7,1
I002329,2026-05-28 08:18:04,인사,복지,12.6,1
I002080,2026-05-28 08:47:40,재무,법인카드 정산,9.7,1
I002186,2026-05-28 10:44:48,전산,PC 장애,8.8,0
I002299,2026-05-28 11:05:06,총무,주차,5.3,0
I002446,2026-05-28 11:06:28,전산,PC 장애,9.7,1
I002481,2026-05-28 12:12:23,인사,출산휴가,11.6,1
I002483,2026-05-28 12:12:56,전산,PC 장애,13.3,1
I002241,2026-05-28 13:39:12,인사,출산휴가,9.5,1
I002458,2026-05-28 14:34:52,법무,개인정보 문의,21.3,1
I002096,2026-05-28 14:53:39,전산,프로그램 설치,16.2,1
I002229,2026-05-28 16:07:49,인사,퇴직금,7.5,1
I002066,2026-05-28 16:25:16,전산,인터넷 연결,9.4,1
I002436,2026-05-28 16:30:27,보안,접근 통제,19.4,1
I002148,2026-05-28 19:44:07,총무,사내 행사,8.5,1
I002100,2026-05-28 19:49:36,인사,복지,8.9,1
I002184,2026-05-29 08:27:39,전산,비밀번호 초기화,10.5,1
I002427,2026-05-29 08:58:37,전산,PC 장애,10.6,1
I002196,2026-05-29 08:59:30,재무,경비처리,15.0,1
I002298,2026-05-29 09:02:12,총무,구내식당 메뉴,10.7,1
I002206,2026-05-29 09:32:23,총무,구내식당 메뉴,7.8,1
I002019,2026-05-29 10:17:44,전산,인터넷 연결,15.4,1
I002274,2026-05-29 10:51:12,인사,출산휴가,9.0,1
I002156,2026-05-29 11:40:09,총무,구내식당 메뉴,8.7,1
I002258,2026-05-29 11:40:53,보안,MFA 오류,20.2,1
I002089,2026-05-29 11:43:35,전산,PC 장애,11.1,1
I002358,2026-05-29 11:47:49,법무,개인정보 문의,21.0,1
I002175,2026-05-29 12:12:31,전산,프로그램 설치,8.1,1
I002413,2026-05-29 12:43:37,전산,VPN 연결,13.9,1
I002151,2026-05-29 14:44:17,인사,퇴직금,14.7,1
I002370,2026-05-29 16:42:47,전산,PC 장애,9.4,1
I002245,2026-05-29 17:19:29,인사,재직증명서,8.9,1
I002478,2026-05-29 17:27:27,인사,근태,9.2,1
I002109,2026-05-29 18:40:54,보안,MFA 오류,14.3,1
I002466,2026-05-29 19:48:50,인사,출산휴가,9.2,1
I002112,2026-05-30 08:10:02,전산,계정 잠금,14.6,1
I002405,2026-05-30 09:58:09,인사,급여 문의,11.6,1
I002083,2026-05-30 10:22:12,보안,권한 요청,19.0,1
I002029,2026-05-30 10:34:22,전산,비밀번호 초기화,12.3,1
I002039,2026-05-30 12:48:09,인사,퇴직금,14.2,1
I002490,2026-05-30 13:35:17,총무,비품,7.0,1
I002173,2026-05-30 13:37:33,전산,프로그램 설치,18.0,1
I002305,2026-05-30 13:41:05,인사,연차 잔여일,14.8,1
I002324,2026-05-30 14:03:48,전산,PC 장애,13.6,1
I002157,2026-05-30 15:20:38,인사,연차 잔여일,11.4,1
I002059,2026-05-30 15:35:27,전산,인터넷 연결,16.7,1
I002216,2026-05-30 15:40:58,총무,구내식당 메뉴,11.0,1
I002470,2026-05-30 15:59:31,전산,PC 장애,9.4,1
I002392,2026-05-30 16:22:55,전산,프로그램 설치,12.4,1
I002183,2026-05-30 16:23:54,전산,비밀번호 초기화,11.6,1
I002333,2026-05-30 19:19:05,법무,계약서 검토,14.3,1
I002176,2026-05-31 10:17:33,인사,연차 잔여일,11.2,1
I002189,2026-05-31 12:09:12,총무,구내식당 메뉴,9.9,1
I002318,2026-05-31 12:09:53,전산,인터넷 연결,12.0,1
I002326,2026-05-31 13:13:16,인사,복지,12.5,1
I002218,2026-05-31 13:25:19,인사,급여 문의,13.6,1
I002160,2026-05-31 13:38:54,전산,VPN 연결,16.2,1
I002290,2026-05-31 14:11:29,인사,복지,8.8,0
I002471,2026-05-31 15:03:03,법무,계약서 검토,13.0,1
I002180,2026-05-31 16:22:58,인사,퇴직금,9.7,1
I002306,2026-05-31 18:50:12,총무,회의실 예약,6.8,1
I002042,2026-05-31 18:52:51,재무,법인카드 정산,16.5,1
I002407,2026-05-31 19:57:23,전산,프로그램 설치,11.8,1
I002988,2026-06-01 08:19:18,전산,VPN 연결,10.3,1
I002570,2026-06-01 10:00:40,전산,프로그램 설치,17.7,1
I002701,2026-06-01 10:30:27,인사,재직증명서,10.0,1
I002604,2026-06-01 12:15:34,전산,프로그램 설치,11.6,1
I002617,2026-06-01 13:32:21,전산,PC 장애,18.0,1
I002767,2026-06-01 15:01:52,전산,인터넷 연결,17.9,1
I002621,2026-06-01 15:38:00,인사,퇴직금,7.7,1
I002619,2026-06-01 16:16:59,인사,복지,7.8,1
I002683,2026-06-01 17:16:48,전산,PC 장애,17.0,1
I002656,2026-06-01 18:23:29,재무,경비처리,10.0,1
I002534,2026-06-01 19:00:05,재무,출장비,8.8,1
I002986,2026-06-01 19:38:36,전산,프로그램 설치,14.5,1
I002866,2026-06-01 19:43:04,인사,복지,12.6,1
I002612,2026-06-02 08:16:44,전산,메일 오류,12.3,1
I002859,2026-06-02 08:30:57,법무,계약서 검토,16.3,1
I002909,2026-06-02 08:42:58,재무,경비처리,9.3,1
I002582,2026-06-02 09:42:25,인사,퇴직금,8.3,1
I002945,2026-06-02 09:59:33,전산,비밀번호 초기화,14.5,1
I002932,2026-06-02 10:15:46,전산,메일 오류,13.5,1
I002593,2026-06-02 10:35:44,총무,구내식당 메뉴,11.8,1
I002568,2026-06-02 11:01:47,전산,비밀번호 초기화,15.7,1
I002584,2026-06-02 11:55:01,재무,세금계산서,17.0,1
I002983,2026-06-02 12:29:31,법무,법률 문의,12.3,1
I002511,2026-06-02 13:22:27,전산,프로그램 설치,16.1,1
I002935,2026-06-02 13:40:01,총무,구내식당 메뉴,10.0,1
I002731,2026-06-02 13:49:51,전산,인터넷 연결,11.1,1
I002668,2026-06-02 14:27:33,전산,비밀번호 초기화,9.3,1
I002576,2026-06-02 15:19:02,전산,비밀번호 초기화,8.5,1
I002728,2026-06-02 15:26:44,전산,VPN 연결,8.1,1
I002611,2026-06-02 18:19:53,인사,퇴직금,13.6,1
I002739,2026-06-03 08:07:09,전산,프로그램 설치,10.1,1
I002760,2026-06-03 08:43:15,전산,PC 장애,14.0,1
I002522,2026-06-03 09:43:48,재무,세금계산서,13.8,1
I002868,2026-06-03 10:03:55,전산,계정 잠금,13.8,1
I002525,2026-06-03 10:50:09,인사,복지,8.2,1
I002890,2026-06-03 11:38:00,인사,근태,9.5,1
I002917,2026-06-03 13:40:18,전산,비밀번호 초기화,13.6,1
I002719,2026-06-03 15:30:43,전산,PC 장애,8.3,1
I002650,2026-06-03 16:17:19,보안,MFA 오류,11.8,1
I002506,2026-06-03 16:41:06,전산,프로그램 설치,10.9,1
I002797,2026-06-03 17:58:57,전산,메일 오류,15.7,1
I002652,2026-06-03 18:43:34,전산,인터넷 연결,9.4,1
I002627,2026-06-03 19:05:55,전산,메일 오류,17.0,0
I002529,2026-06-04 08:29:31,인사,복지,12.3,1
I002885,2026-06-04 08:41:34,인사,출산휴가,7.8,1
I002766,2026-06-04 09:39:17,전산,프로그램 설치,12.4,1
I002658,2026-06-04 09:48:24,보안,보안 신고,16.0,1
I002995,2026-06-04 10:05:39,인사,재직증명서,8.5,1
I002910,2026-06-04 12:53:57,전산,PC 장애,14.0,1
I002782,2026-06-04 13:29:12,전산,인터넷 연결,12.6,1
I002641,2026-06-04 13:38:06,법무,사내 규정,22.3,1
I002815,2026-06-04 14:13:35,보안,보안 신고,15.2,1
I002667,2026-06-04 14:24:06,보안,접근 통제,15.0,1
I002750,2026-06-04 14:51:23,인사,근태,7.5,1
I002884,2026-06-04 15:19:34,인사,급여 문의,7.9,1
I002957,2026-06-04 16:18:51,인사,급여 문의,14.5,1
I002814,2026-06-04 16:39:35,인사,급여 문의,12.8,1
I002721,2026-06-04 16:54:47,재무,출장비,15.8,1
I002827,2026-06-04 18:27:51,인사,근태,7.5,1
I002692,2026-06-04 18:42:05,인사,퇴직금,12.3,1
I002813,2026-06-05 08:14:27,전산,메일 오류,11.5,1
I002788,2026-06-05 08:46:39,전산,VPN 연결,16.1,1
I002785,2026-06-05 09:08:29,보안,권한 요청,10.7,1
I002974,2026-06-05 09:37:51,전산,인터넷 연결,14.6,1
I002809,2026-06-05 09:52:14,인사,복지,9.3,1
I002643,2026-06-05 10:13:00,인사,퇴직금,11.9,1
I002681,2026-06-05 11:08:10,법무,사내 규정,15.7,1
I002751,2026-06-05 12:54:31,전산,프로그램 설치,14.3,1
I002624,2026-06-05 13:05:51,전산,VPN 연결,15.0,1
I002743,2026-06-05 14:32:55,전산,계정 잠금,16.0,1
I002808,2026-06-05 14:33:25,법무,사내 규정,22.6,1
I002649,2026-06-05 14:52:04,법무,법률 문의,12.3,1
I002796,2026-06-05 17:26:46,보안,권한 요청,17.0,1
I002532,2026-06-05 18:19:13,전산,PC 장애,15.3,1
I002755,2026-06-05 18:35:48,전산,VPN 연결,12.0,1
I002502,2026-06-05 19:11:25,인사,재직증명서,10.9,0
I002623,2026-06-05 19:27:32,총무,사내 행사,6.3,1
I002826,2026-06-06 08:57:28,인사,복지,12.4,1
I002550,2026-06-06 08:58:11,재무,출장비,12.8,1
I002599,2026-06-06 10:00:19,재무,경비처리,16.9,1
I002837,2026-06-06 11:14:11,전산,인터넷 연결,11.0,1
I002676,2026-06-06 11:25:51,보안,보안 신고,13.5,1
I002889,2026-06-06 14:21:59,전산,프로그램 설치,16.7,1
I002811,2026-06-06 16:59:36,보안,보안 신고,15.2,1
I002528,2026-06-06 17:36:24,전산,VPN 연결,13.9,1
I002554,2026-06-06 18:17:28,전산,비밀번호 초기화,16.7,1
I002569,2026-06-06 18:27:25,인사,복지,7.6,1
I002853,2026-06-06 19:45:58,인사,급여 문의,11.3,1
I002508,2026-06-07 10:52:22,재무,법인카드 정산,14.9,1
I002916,2026-06-07 11:30:49,법무,개인정보 문의,16.6,1
I002985,2026-06-07 11:36:43,재무,법인카드 정산,15.0,1
I002715,2026-06-07 11:58:03,전산,프로그램 설치,10.3,1
I002640,2026-06-07 13:05:52,전산,계정 잠금,16.7,1
I002726,2026-06-07 13:21:26,법무,사내 규정,23.2,1
I002615,2026-06-07 13:22:05,인사,퇴직금,13.9,1
I002521,2026-06-07 13:22:29,인사,근태,12.1,1
I002580,2026-06-07 14:11:55,전산,인터넷 연결,16.8,1
I002817,2026-06-07 16:14:13,전산,메일 오류,15.5,1
I002984,2026-06-07 16:25:48,보안,MFA 오류,16.9,1
I002911,2026-06-07 16:51:27,인사,연차 잔여일,7.9,1
I002707,2026-06-07 17:13:37,재무,출장비,8.0,1
I002924,2026-06-07 17:53:53,전산,메일 오류,14.4,1
I002780,2026-06-07 18:13:41,인사,근태,8.2,1
I002517,2026-06-07 19:09:00,인사,퇴직금,11.3,1
I002856,2026-06-07 19:48:04,전산,메일 오류,9.2,1
I002749,2026-06-07 19:53:23,전산,PC 장애,17.7,1
I002930,2026-06-08 08:45:58,전산,프로그램 설치,17.5,1
I002549,2026-06-08 09:01:41,총무,회의실 예약,11.0,1
I002833,2026-06-08 09:25:38,총무,구내식당 메뉴,10.2,1
I002697,2026-06-08 09:41:10,법무,법률 문의,17.0,1
I002800,2026-06-08 10:45:01,총무,주차,5.0,1
I002670,2026-06-08 11:43:11,인사,연차 잔여일,11.9,1
I002644,2026-06-08 12:15:06,법무,개인정보 문의,18.5,1
I002761,2026-06-08 12:39:46,전산,계정 잠금,10.9,1
I002851,2026-06-08 13:47:51,법무,사내 규정,17.6,1
I002756,2026-06-08 14:20:14,전산,계정 잠금,12.3,0
I002970,2026-06-08 14:22:57,총무,사내 행사,6.9,1
I002858,2026-06-08 14:23:54,전산,PC 장애,16.1,1
I002564,2026-06-08 14:45:05,전산,VPN 연결,12.4,1
I002942,2026-06-08 15:21:40,법무,계약서 검토,18.3,1
I002849,2026-06-08 15:50:01,전산,인터넷 연결,8.1,1
I002807,2026-06-08 17:28:09,법무,계약서 검토,15.2,1
I002998,2026-06-08 18:42:41,전산,계정 잠금,17.1,1
I002933,2026-06-08 19:12:29,인사,출산휴가,13.3,1
I002675,2026-06-08 19:29:25,법무,개인정보 문의,22.4,1
I002740,2026-06-09 08:03:59,전산,VPN 연결,13.7,1
I002875,2026-06-09 10:12:23,총무,주차,8.9,1
I002725,2026-06-09 11:20:03,보안,MFA 오류,16.9,1
I002657,2026-06-09 13:01:12,전산,프로그램 설치,17.5,1
I002674,2026-06-09 13:05:37,전산,비밀번호 초기화,17.6,1
I002778,2026-06-09 14:29:35,전산,프로그램 설치,8.4,1
I002967,2026-06-09 16:41:49,전산,인터넷 연결,13.2,0
I002560,2026-06-09 16:42:13,전산,비밀번호 초기화,15.8,1
I002842,2026-06-09 17:17:07,보안,보안 신고,21.2,1
I002594,2026-06-09 17:32:19,법무,계약서 검토,19.6,1
I002537,2026-06-09 18:09:19,전산,메일 오류,10.1,1
I002784,2026-06-09 18:20:07,총무,비품,7.9,1
I002686,2026-06-09 19:23:18,보안,접근 통제,18.0,1
I002947,2026-06-09 19:35:02,인사,근태,9.4,1
I002555,2026-06-10 10:31:21,법무,법률 문의,15.6,1
I002682,2026-06-10 10:57:33,전산,인터넷 연결,13.8,1
I002821,2026-06-10 11:51:32,총무,사내 행사,11.2,1
I002590,2026-06-10 12:47:54,전산,인터넷 연결,10.6,1
I002880,2026-06-10 13:20:29,인사,연차 잔여일,7.8,1
I002850,2026-06-10 13:25:25,법무,사내 규정,14.8,1
I002666,2026-06-10 13:32:02,인사,재직증명서,8.3,1
I002928,2026-06-10 13:43:50,전산,계정 잠금,10.1,1
I002975,2026-06-10 14:09:41,보안,접근 통제,15.7,1
I002620,2026-06-10 14:38:23,인사,퇴직금,10.2,1
I002565,2026-06-10 14:52:53,전산,PC 장애,16.8,1
I002610,2026-06-10 15:20:12,전산,메일 오류,17.8,1
I002831,2026-06-10 16:04:41,총무,비품,6.9,1
I002742,2026-06-10 17:00:48,전산,PC 장애,16.2,1
I002954,2026-06-10 17:19:34,보안,권한 요청,17.3,1
I002775,2026-06-10 17:27:49,법무,사내 규정,17.9,1
I002820,2026-06-10 18:29:47,보안,보안 신고,21.5,1
I002578,2026-06-10 18:59:03,전산,비밀번호 초기화,16.0,1
I002741,2026-06-11 08:05:40,전산,VPN 연결,17.5,1
I002944,2026-06-11 08:14:16,인사,복지,8.6,1
I002713,2026-06-11 08:24:51,전산,인터넷 연결,13.0,1
I002855,2026-06-11 11:23:41,전산,PC 장애,8.6,1
I002952,2026-06-11 12:19:51,전산,계정 잠금,8.1,0
I002542,2026-06-11 12:29:07,인사,급여 문의,8.7,1
I002895,2026-06-11 13:25:12,재무,출장비,16.2,1
I002632,2026-06-11 14:50:10,재무,법인카드 정산,9.9,1
I002854,2026-06-11 15:01:58,인사,출산휴가,7.1,1
I002673,2026-06-11 15:38:10,재무,출장비,12.3,1
I002963,2026-06-11 17:07:55,총무,주차,11.5,1
I002940,2026-06-11 17:41:57,재무,경비처리,14.6,1
I002898,2026-06-12 08:19:35,인사,복지,10.8,1
I002699,2026-06-12 08:26:02,전산,VPN 연결,17.8,1
I002937,2026-06-12 08:57:37,보안,보안 신고,10.6,1
I002990,2026-06-12 09:15:40,재무,경비처리,11.6,1
I002987,2026-06-12 09:21:34,총무,회의실 예약,11.3,1
I002927,2026-06-12 09:30:47,전산,PC 장애,17.9,1
I002626,2026-06-12 09:56:46,법무,개인정보 문의,16.2,1
I002646,2026-06-12 09:59:45,총무,구내식당 메뉴,8.2,1
I002562,2026-06-12 10:00:25,전산,PC 장애,16.8,1
I002900,2026-06-12 10:04:52,전산,프로그램 설치,12.8,0
I002579,2026-06-12 11:24:03,법무,사내 규정,22.4,1
I002622,2026-06-12 11:46:17,전산,메일 오류,17.7,1
I002664,2026-06-12 11:52:22,전산,프로그램 설치,10.8,1
I002685,2026-06-12 12:05:49,전산,메일 오류,8.5,1
I002547,2026-06-12 12:13:02,전산,PC 장애,15.9,1
I002955,2026-06-12 12:58:00,인사,퇴직금,14.8,1
I002791,2026-06-12 13:26:02,법무,사내 규정,22.4,1
I002848,2026-06-12 14:30:34,인사,급여 문의,7.5,1
I002708,2026-06-12 14:53:21,보안,보안 신고,14.3,1
I002533,2026-06-12 16:27:06,전산,인터넷 연결,10.6,1
I002581,2026-06-12 16:41:01,인사,재직증명서,7.3,1
I002830,2026-06-12 17:00:04,재무,출장비,15.6,1
I002730,2026-06-12 17:59:01,인사,근태,13.8,1
I002959,2026-06-12 18:41:00,전산,PC 장애,10.4,1
I002973,2026-06-12 19:45:18,보안,접근 통제,11.8,1
I002926,2026-06-13 08:13:23,전산,메일 오류,10.4,1
I002918,2026-06-13 08:36:20,인사,연차 잔여일,13.7,1
I002812,2026-06-13 09:13:32,인사,퇴직금,7.1,1
I002614,2026-06-13 10:28:31,전산,VPN 연결,15.7,1
I002968,2026-06-13 10:49:05,인사,퇴직금,14.6,1
I002759,2026-06-13 11:10:59,전산,비밀번호 초기화,8.0,1
I002738,2026-06-13 12:45:54,전산,메일 오류,11.6,1
I002881,2026-06-13 13:55:40,인사,재직증명서,11.7,1
I002999,2026-06-13 15:10:55,보안,권한 요청,11.5,1
I002544,2026-06-13 15:17:51,인사,재직증명서,10.0,1
I002530,2026-06-13 16:57:55,법무,개인정보 문의,21.7,1
I002943,2026-06-13 16:58:35,전산,프로그램 설치,13.0,1
I002799,2026-06-13 18:50:10,인사,출산휴가,12.8,1
I002920,2026-06-13 19:23:40,보안,접근 통제,16.8,1
I002703,2026-06-14 08:07:05,총무,사내 행사,7.0,1
I002825,2026-06-14 08:56:36,전산,프로그램 설치,15.1,1
I002798,2026-06-14 09:22:46,총무,비품,11.9,1
I002876,2026-06-14 09:51:08,법무,사내 규정,22.9,1
I002857,2026-06-14 14:06:14,전산,인터넷 연결,9.1,1
I002861,2026-06-14 14:52:15,재무,출장비,15.5,1
I002687,2026-06-14 14:52:16,전산,VPN 연결,13.2,1
I002763,2026-06-14 15:05:20,재무,경비처리,14.8,1
I002524,2026-06-14 15:21:00,전산,메일 오류,14.5,1
I002879,2026-06-14 16:38:51,보안,접근 통제,14.8,1
I002789,2026-06-14 16:48:07,법무,계약서 검토,23.6,1
I002574,2026-06-14 17:20:01,전산,프로그램 설치,16.2,1
I002972,2026-06-14 17:28:43,보안,접근 통제,10.1,1
I002700,2026-06-14 17:58:21,보안,MFA 오류,12.5,1
I002523,2026-06-15 08:15:50,법무,개인정보 문의,17.5,1
I002949,2026-06-15 09:32:51,보안,보안 신고,20.8,1
I002540,2026-06-15 09:46:01,전산,인터넷 연결,12.3,1
I002567,2026-06-15 10:20:33,전산,계정 잠금,15.6,1
I002843,2026-06-15 10:46:16,재무,경비처리,11.5,1
I002501,2026-06-15 13:06:00,재무,법인카드 정산,16.2,1
I002822,2026-06-15 13:26:00,전산,프로그램 설치,15.9,1
I002978,2026-06-15 14:18:21,인사,급여 문의,9.8,1
I002600,2026-06-15 14:24:19,재무,법인카드 정산,10.4,1
I002946,2026-06-15 14:59:55,전산,인터넷 연결,8.2,1
I002864,2026-06-15 15:09:54,재무,출장비,9.6,1
I002556,2026-06-15 15:14:51,재무,법인카드 정산,16.6,1
I002993,2026-06-15 15:50:48,전산,비밀번호 초기화,16.4,1
I002802,2026-06-15 16:38:22,전산,프로그램 설치,12.1,1
I002672,2026-06-15 17:07:00,전산,PC 장애,15.0,1
I002729,2026-06-15 17:07:48,재무,출장비,16.9,1
I002548,2026-06-15 17:29:40,법무,법률 문의,20.4,1
I002608,2026-06-15 17:42:37,전산,인터넷 연결,17.1,1
I002688,2026-06-15 18:23:27,법무,사내 규정,14.3,1
I002929,2026-06-15 18:43:10,인사,연차 잔여일,11.7,1
I002684,2026-06-15 18:48:43,보안,보안 신고,16.5,1
I002663,2026-06-15 18:55:41,법무,법률 문의,15.4,1
I002558,2026-06-15 19:48:44,재무,경비처리,9.0,1
I002717,2026-06-15 19:56:46,법무,개인정보 문의,17.7,1
I002977,2026-06-16 08:16:42,재무,법인카드 정산,12.6,1
I002907,2026-06-16 08:26:30,전산,프로그램 설치,8.2,1
I002514,2026-06-16 08:31:34,보안,접근 통제,20.5,1
I002518,2026-06-16 08:43:07,전산,프로그램 설치,10.7,1
I002835,2026-06-16 08:46:46,총무,구내식당 메뉴,5.6,1
I002629,2026-06-16 09:11:17,보안,권한 요청,10.7,1
I002628,2026-06-16 10:53:23,전산,계정 잠금,16.0,1
I002939,2026-06-16 12:13:25,재무,세금계산서,12.8,1
I002762,2026-06-16 12:38:47,인사,연차 잔여일,13.8,1
I002753,2026-06-16 12:59:37,전산,인터넷 연결,16.9,1
I002777,2026-06-16 14:09:36,보안,MFA 오류,18.1,1
I002779,2026-06-16 16:31:58,총무,사내 행사,11.6,1
I002752,2026-06-16 17:34:53,전산,비밀번호 초기화,12.7,1
I002519,2026-06-16 18:31:15,인사,복지,11.7,1
I002709,2026-06-17 08:39:51,전산,프로그램 설치,9.7,1
I002647,2026-06-17 09:34:12,재무,경비처리,14.2,1
I002748,2026-06-17 11:30:07,인사,퇴직금,9.7,1
I002588,2026-06-17 13:51:38,전산,비밀번호 초기화,11.9,1
I002979,2026-06-17 14:18:39,인사,퇴직금,13.0,1
I002840,2026-06-17 16:45:10,법무,계약서 검토,15.2,1
I002746,2026-06-17 16:53:02,인사,퇴직금,14.6,1
I002757,2026-06-17 16:55:36,인사,연차 잔여일,10.8,1
I002869,2026-06-17 17:04:42,전산,프로그램 설치,11.4,1
I002609,2026-06-17 17:11:07,전산,인터넷 연결,11.2,1
I002844,2026-06-17 17:19:16,총무,주차,9.8,1
I002894,2026-06-17 17:46:24,재무,세금계산서,11.3,1
I002587,2026-06-17 18:19:29,인사,근태,10.1,1
I002846,2026-06-17 18:25:49,재무,법인카드 정산,14.2,1
I002698,2026-06-18 09:05:07,총무,사내 행사,11.7,1
I002792,2026-06-18 09:33:19,전산,비밀번호 초기화,11.0,1
I002694,2026-06-18 10:09:14,재무,출장비,16.4,1
I002810,2026-06-18 11:30:02,인사,급여 문의,9.8,1
I002737,2026-06-18 12:00:58,인사,퇴직금,11.9,1
I002636,2026-06-18 12:10:38,전산,메일 오류,11.4,1
I002888,2026-06-18 12:18:35,전산,VPN 연결,16.9,1
I002877,2026-06-18 13:23:20,총무,비품,10.8,1
I002981,2026-06-18 13:43:52,전산,프로그램 설치,8.5,1
I002613,2026-06-18 15:36:29,법무,법률 문의,12.0,1
I002915,2026-06-18 15:53:57,재무,세금계산서,16.1,1
I002662,2026-06-18 16:44:03,법무,사내 규정,19.9,1
I002936,2026-06-18 17:42:05,전산,VPN 연결,12.9,1
I002635,2026-06-18 19:19:39,총무,사내 행사,9.9,1
I002642,2026-06-18 19:32:55,전산,계정 잠금,15.9,1
I002834,2026-06-18 19:48:08,재무,세금계산서,16.1,1
I002553,2026-06-19 09:50:14,총무,회의실 예약,11.7,1
I002838,2026-06-19 10:36:20,전산,메일 오류,14.1,1
I002531,2026-06-19 10:45:26,인사,근태,7.3,1
I002589,2026-06-19 11:40:54,법무,사내 규정,23.0,1
I002575,2026-06-19 11:56:55,총무,주차,11.7,1
I002702,2026-06-19 12:06:40,전산,프로그램 설치,13.3,1
I002941,2026-06-19 13:20:45,인사,재직증명서,9.4,1
I002906,2026-06-19 14:23:25,재무,출장비,11.1,1
I002744,2026-06-19 15:12:17,전산,VPN 연결,17.3,1
I002903,2026-06-19 15:17:30,전산,PC 장애,12.1,1
I002651,2026-06-19 15:57:19,전산,VPN 연결,15.6,1
I002899,2026-06-19 16:42:05,총무,회의실 예약,5.3,1
I002561,2026-06-19 17:44:16,전산,계정 잠금,13.3,1
I002922,2026-06-19 19:53:32,재무,출장비,9.6,1
I002659,2026-06-20 08:00:03,전산,VPN 연결,9.2,1
I002606,2026-06-20 08:13:06,인사,급여 문의,9.2,1
I002980,2026-06-20 08:54:30,총무,사내 행사,5.9,1
I002989,2026-06-20 10:32:32,전산,메일 오류,14.9,1
I002695,2026-06-20 11:42:02,전산,비밀번호 초기화,8.3,1
I002852,2026-06-20 11:48:10,인사,퇴직금,8.5,1
I002545,2026-06-20 12:46:04,인사,재직증명서,14.9,1
I002654,2026-06-20 13:57:51,인사,연차 잔여일,8.1,1
I002625,2026-06-20 14:58:34,전산,PC 장애,12.4,1
I002874,2026-06-20 18:05:59,보안,보안 신고,15.1,1
I002722,2026-06-20 18:53:16,인사,연차 잔여일,7.6,0
I002526,2026-06-20 19:34:14,인사,퇴직금,11.4,1
I002931,2026-06-21 08:07:13,전산,계정 잠금,10.3,1
I002583,2026-06-21 08:15:27,인사,복지,11.4,1
I002951,2026-06-21 08:44:07,재무,세금계산서,11.7,1
I002991,2026-06-21 09:03:27,전산,메일 오류,8.4,1
I002509,2026-06-21 09:10:23,인사,퇴직금,9.7,1
I002956,2026-06-21 09:28:54,인사,출산휴가,10.8,1
I002806,2026-06-21 09:39:25,전산,메일 오류,10.7,1
I002938,2026-06-21 09:42:09,인사,재직증명서,13.4,1
I002607,2026-06-21 09:42:43,전산,프로그램 설치,11.2,1
I002801,2026-06-21 09:54:48,전산,메일 오류,13.8,1
I002896,2026-06-21 10:15:03,전산,프로그램 설치,8.6,1
I002736,2026-06-21 11:31:11,인사,출산휴가,7.1,1
I002680,2026-06-21 11:58:37,법무,법률 문의,19.3,1
I002863,2026-06-21 12:09:11,전산,VPN 연결,14.7,1
I002705,2026-06-21 12:48:16,전산,계정 잠금,17.9,1
I002768,2026-06-21 13:48:59,전산,계정 잠금,16.6,1
I002965,2026-06-21 13:57:33,재무,경비처리,14.0,1
I002616,2026-06-21 14:24:59,전산,프로그램 설치,14.9,1
I002786,2026-06-21 14:39:24,재무,세금계산서,12.8,1
I002982,2026-06-21 14:54:04,총무,주차,5.2,1
I002870,2026-06-21 15:56:54,보안,MFA 오류,20.1,1
I002546,2026-06-21 16:54:34,재무,경비처리,15.8,1
I002783,2026-06-21 17:20:20,인사,급여 문의,10.2,1
I002557,2026-06-21 17:52:06,인사,근태,7.0,0
I002691,2026-06-22 08:22:33,총무,주차,9.2,1
I002605,2026-06-22 08:49:39,전산,프로그램 설치,10.7,1
I002577,2026-06-22 09:24:21,전산,VPN 연결,8.2,0
I002573,2026-06-22 10:08:17,전산,인터넷 연결,8.1,1
I002966,2026-06-22 10:12:10,전산,VPN 연결,9.0,1
I002712,2026-06-22 10:17:26,인사,근태,14.1,1
I002996,2026-06-22 11:05:40,전산,인터넷 연결,8.2,1
I002503,2026-06-22 11:35:55,총무,비품,5.5,1
I002747,2026-06-22 12:14:51,전산,PC 장애,15.3,1
I002661,2026-06-22 12:39:58,보안,권한 요청,12.9,1
I002839,2026-06-22 13:08:21,재무,세금계산서,15.0,1
I002571,2026-06-22 14:02:32,인사,급여 문의,8.8,1
I002559,2026-06-22 14:08:14,총무,사내 행사,7.5,1
I002772,2026-06-22 14:24:27,인사,연차 잔여일,14.0,1
I002718,2026-06-22 15:01:58,인사,재직증명서,8.7,1
I002795,2026-06-22 16:03:16,인사,복지,15.0,1
I002805,2026-06-22 16:09:59,인사,복지,9.6,1
I002735,2026-06-22 16:16:14,전산,계정 잠금,13.7,1
I002793,2026-06-22 16:40:44,총무,비품,11.0,1
I002950,2026-06-22 16:43:35,총무,비품,11.4,1
I002551,2026-06-22 16:59:06,전산,계정 잠금,16.1,1
I002902,2026-06-22 17:45:20,인사,재직증명서,8.1,1
I002690,2026-06-22 18:00:38,전산,메일 오류,14.6,1
I002836,2026-06-23 09:19:54,전산,인터넷 연결,11.7,1
I002689,2026-06-23 09:39:08,법무,법률 문의,12.8,1
I002865,2026-06-23 11:42:56,인사,급여 문의,11.8,1
I002841,2026-06-23 12:03:05,총무,비품,7.8,1
I002714,2026-06-23 13:12:08,전산,PC 장애,15.9,1
I002912,2026-06-23 13:53:02,인사,퇴직금,13.8,1
I002781,2026-06-23 14:47:24,법무,개인정보 문의,18.9,1
I002882,2026-06-23 16:01:05,전산,VPN 연결,16.1,1
I002732,2026-06-23 16:06:46,전산,계정 잠금,12.8,1
I002504,2026-06-23 16:26:53,인사,출산휴가,8.6,1
I002706,2026-06-23 16:45:19,총무,주차,6.2,1
I002829,2026-06-23 17:14:18,총무,비품,8.8,1
I002598,2026-06-23 17:45:40,전산,메일 오류,14.9,0
I002934,2026-06-23 18:04:36,재무,경비처리,16.6,1
I002919,2026-06-23 18:33:33,인사,복지,13.6,1
I002905,2026-06-23 19:07:20,전산,계정 잠금,14.7,1
I002867,2026-06-23 19:13:07,재무,세금계산서,8.2,1
I002904,2026-06-24 10:06:32,총무,주차,10.5,1
I002639,2026-06-24 10:08:33,전산,PC 장애,17.6,1
I002908,2026-06-24 10:28:46,총무,구내식당 메뉴,8.0,1
I002638,2026-06-24 10:53:45,전산,VPN 연결,12.6,1
I002976,2026-06-24 12:19:38,전산,비밀번호 초기화,8.3,1
I002516,2026-06-24 12:33:24,전산,메일 오류,10.6,1
I002770,2026-06-24 14:03:00,전산,계정 잠금,9.5,1
I002901,2026-06-24 14:34:33,보안,MFA 오류,14.3,1
I002631,2026-06-24 16:06:59,전산,VPN 연결,12.2,1
I002769,2026-06-24 17:02:03,인사,출산휴가,14.6,1
I002679,2026-06-24 17:16:40,재무,법인카드 정산,8.3,1
I002862,2026-06-24 17:53:27,보안,권한 요청,13.8,1
I002563,2026-06-24 17:56:09,법무,사내 규정,23.8,1
I002764,2026-06-25 08:41:33,인사,출산휴가,9.9,1
I002597,2026-06-25 08:52:20,재무,경비처리,9.8,1
I002847,2026-06-25 10:37:18,보안,권한 요청,16.8,1
I002804,2026-06-25 10:46:34,인사,근태,12.5,1
I002596,2026-06-25 11:26:09,보안,권한 요청,17.8,1
I002711,2026-06-25 12:59:05,인사,재직증명서,8.2,1
I002969,2026-06-25 14:15:04,보안,보안 신고,16.5,1
I002961,2026-06-25 14:25:32,보안,접근 통제,12.6,1
I002754,2026-06-25 14:39:36,인사,퇴직금,7.6,1
I002887,2026-06-25 14:50:34,재무,법인카드 정산,11.2,0
I002816,2026-06-25 15:26:14,재무,세금계산서,11.3,1
I002552,2026-06-25 15:43:26,보안,보안 신고,19.9,0
I002671,2026-06-25 15:59:43,법무,개인정보 문의,16.9,1
I002790,2026-06-25 16:32:59,재무,경비처리,12.7,1
I002693,2026-06-25 17:16:33,인사,연차 잔여일,9.8,1
I002818,2026-06-25 18:33:31,총무,비품,10.4,1
I002696,2026-06-26 08:53:25,전산,인터넷 연결,8.2,1
I002637,2026-06-26 09:28:26,총무,비품,11.3,1
I002513,2026-06-26 09:44:29,인사,출산휴가,8.4,1
I002595,2026-06-26 10:15:25,인사,재직증명서,12.6,1
I002653,2026-06-26 11:06:09,재무,법인카드 정산,11.5,1
I002630,2026-06-26 11:44:07,전산,계정 잠금,14.7,1
I002507,2026-06-26 13:18:30,인사,출산휴가,8.1,1
I002828,2026-06-26 16:25:17,인사,복지,12.0,1
I002992,2026-06-26 16:26:31,법무,사내 규정,14.6,1
I002758,2026-06-26 17:12:49,재무,법인카드 정산,12.8,1
I002893,2026-06-26 17:15:24,전산,비밀번호 초기화,11.4,1
I002566,2026-06-26 17:20:36,전산,인터넷 연결,13.5,1
I002962,2026-06-26 17:39:31,법무,법률 문의,14.7,1
I002958,2026-06-26 19:09:58,전산,PC 장애,12.3,1
I002677,2026-06-27 08:55:48,보안,권한 요청,14.4,1
I002723,2026-06-27 09:12:50,인사,재직증명서,11.1,1
I002832,2026-06-27 10:49:32,인사,복지,12.8,0
I002704,2026-06-27 12:22:05,보안,보안 신고,17.2,1
I002964,2026-06-27 12:38:59,전산,인터넷 연결,15.1,1
I002897,2026-06-27 13:01:27,법무,법률 문의,15.9,1
I002873,2026-06-27 13:06:23,전산,계정 잠금,17.0,1
I002845,2026-06-27 13:15:56,총무,비품,8.5,1
I002538,2026-06-27 13:36:37,전산,VPN 연결,13.9,1
I002633,2026-06-27 14:21:44,전산,메일 오류,16.0,1
I002787,2026-06-27 14:27:03,보안,MFA 오류,14.0,1
I002745,2026-06-27 16:19:59,전산,VPN 연결,16.5,1
I002572,2026-06-27 17:58:33,인사,복지,13.7,1
I002586,2026-06-27 18:09:26,인사,재직증명서,11.3,1
I002733,2026-06-27 19:16:31,인사,재직증명서,9.4,1
I002634,2026-06-27 19:32:38,법무,법률 문의,22.8,1
I002618,2026-06-28 08:09:49,전산,VPN 연결,11.7,1
I002925,2026-06-28 08:17:15,재무,출장비,14.1,1
I002921,2026-06-28 08:51:07,인사,재직증명서,14.9,1
I002891,2026-06-28 09:07:01,총무,주차,10.0,1
I002603,2026-06-28 09:15:31,전산,비밀번호 초기화,9.4,0
I002872,2026-06-28 10:09:10,총무,사내 행사,6.6,0
I003000,2026-06-28 10:20:14,인사,출산휴가,12.7,1
I002669,2026-06-28 12:41:28,인사,급여 문의,12.7,1
I002543,2026-06-28 13:02:43,전산,PC 장애,17.9,1
I002515,2026-06-28 14:28:34,전산,VPN 연결,12.4,1
I002645,2026-06-28 15:31:12,전산,메일 오류,14.7,1
I002535,2026-06-28 15:47:47,보안,MFA 오류,11.0,1
I002878,2026-06-28 17:32:39,인사,급여 문의,7.4,1
I002655,2026-06-28 17:35:28,전산,PC 장애,10.4,1
I002678,2026-06-28 17:47:21,전산,계정 잠금,11.6,1
I002536,2026-06-28 18:05:45,재무,출장비,12.8,1
I002914,2026-06-28 19:38:12,법무,법률 문의,15.7,1
I002860,2026-06-29 08:08:39,총무,비품,5.5,1
I002765,2026-06-29 08:09:05,전산,VPN 연결,16.6,1
I002819,2026-06-29 08:21:54,인사,근태,10.3,1
I002948,2026-06-29 08:22:30,재무,출장비,12.6,1
I002871,2026-06-29 08:27:22,인사,근태,7.8,1
I002913,2026-06-29 08:36:36,전산,인터넷 연결,12.1,1
I002602,2026-06-29 08:48:11,인사,연차 잔여일,12.9,1
I002527,2026-06-29 09:04:32,인사,근태,13.1,1
I002665,2026-06-29 09:39:45,인사,재직증명서,12.7,1
I002923,2026-06-29 09:54:59,전산,계정 잠금,16.2,1
I002539,2026-06-29 10:20:20,전산,인터넷 연결,8.8,1
I002971,2026-06-29 10:55:38,인사,복지,8.4,1
I002776,2026-06-29 13:26:31,인사,재직증명서,7.5,1
I002724,2026-06-29 14:10:37,전산,PC 장애,13.8,1
I002824,2026-06-29 14:24:02,법무,개인정보 문의,18.2,0
I002710,2026-06-29 14:37:53,전산,PC 장애,15.6,1
I002648,2026-06-29 14:46:39,인사,출산휴가,9.0,1
I002541,2026-06-29 14:50:25,법무,개인정보 문의,17.9,1
I002883,2026-06-29 15:03:38,재무,출장비,12.2,1
I002720,2026-06-29 15:40:36,전산,인터넷 연결,11.8,1
I002716,2026-06-29 16:20:35,총무,구내식당 메뉴,10.7,1
I002512,2026-06-29 16:59:03,전산,메일 오류,11.3,1
I002997,2026-06-29 18:12:38,인사,복지,15.0,1
I002601,2026-06-30 08:53:49,보안,권한 요청,21.9,1
I002727,2026-06-30 09:43:22,인사,근태,8.9,1
I002794,2026-06-30 10:03:41,전산,메일 오류,17.2,1
I002774,2026-06-30 10:25:58,전산,메일 오류,14.9,1
I002771,2026-06-30 11:13:53,재무,출장비,11.7,1
I002520,2026-06-30 11:16:01,인사,재직증명서,7.7,1
I002953,2026-06-30 11:46:03,인사,출산휴가,11.3,1
I002592,2026-06-30 12:49:28,전산,계정 잠금,16.6,1
I002960,2026-06-30 13:35:38,재무,경비처리,15.0,1
I002823,2026-06-30 14:31:04,인사,근태,12.2,1
I002734,2026-06-30 14:34:27,인사,복지,7.5,1
I002510,2026-06-30 14:40:48,총무,회의실 예약,8.6,1
I002591,2026-06-30 14:58:35,재무,출장비,9.1,1
I002585,2026-06-30 15:17:45,보안,MFA 오류,20.3,1
I002886,2026-06-30 16:41:51,전산,계정 잠금,13.0,1
I002892,2026-06-30 16:51:06,인사,연차 잔여일,10.3,1
I002994,2026-06-30 17:32:30,전산,계정 잠금,8.0,1
I002505,2026-06-30 17:59:49,전산,프로그램 설치,8.7,1
I002803,2026-06-30 18:21:21,인사,근태,10.5,1
I002660,2026-06-30 18:47:20,보안,권한 요청,11.3,1
I002773,2026-06-30 18:47:23,총무,구내식당 메뉴,8.0,1
